ID,Gender,Birthdate,Years Graduated,Salary
604399,F,10/22/1990,11,445000
988334,M,5/15/1990,10,110000
301647,M,8/21/1989,13,255000
582313,M,5/4/1991,11,420000
339001,F,10/30/1990,12,200000
609356,F,12/2/1989,11,440000
1081649,F,4/17/1989,11,150000
610842,F,4/11/1991,11,105000
1183070,M,11/25/1992,10,195000
794062,F,3/15/1993,10,200000
1088206,M,6/21/1990,11,335000
1279958,M,7/2/1992,11,300000
471413,F,12/24/1991,11,480000
1088423,F,8/9/1992,10,550000
1066680,M,9/12/1991,10,325000
407672,M,9/30/1990,12,405000
205633,M,5/25/1988,13,500000
924541,F,2/25/1992,10,210000
512353,M,10/25/1991,11,400000
1136577,M,5/22/1991,11,360000
781327,M,11/21/1987,11,240000
764522,F,1/14/1992,10,120000
203323,M,11/3/1986,13,430000
267354,M,8/5/1988,13,120000
839626,F,4/10/1991,12,120000
1169332,F,3/9/1990,12,120000
669692,M,5/4/1992,11,600000
48029,M,12/20/1988,14,500000
1268344,M,3/10/1990,10,240000
1274612,M,9/17/1989,12,200000
230553,M,5/1/1992,13,80000
1259836,M,2/26/1992,11,330000
634352,F,4/4/1990,11,450000
977034,M,6/18/1990,10,240000
668869,M,9/1/1991,11,325000
915600,M,6/26/1991,12,215000
628753,M,12/22/1991,11,315000
1036215,M,5/3/1992,10,220000
955352,M,12/8/1991,10,180000
449417,M,1/1/1988,12,240000
1038837,M,9/21/1990,11,60000
309954,M,12/8/1991,12,165000
54289,M,9/27/1986,11,180000
615097,M,11/14/1991,10,150000
96613,M,10/7/1988,14,370000
542950,M,8/21/1991,11,145000
781196,M,2/9/1991,11,100000
38441,M,11/19/1984,14,300000
1269557,M,7/30/1990,10,240000
512864,M,9/10/1990,12,500000
390353,M,4/14/1990,12,300000
1230200,M,7/12/1990,10,300000
206976,M,3/2/1990,13,510000
908780,F,10/14/1993,10,150000
982729,M,2/24/1993,10,240000
385303,M,7/2/1990,12,145000
355322,M,6/3/1991,12,240000
730991,M,10/7/1990,11,310000
326762,M,7/26/1991,12,450000
125654,M,5/20/1987,14,380000
984121,F,3/20/1992,10,300000
744799,M,6/1/1992,11,300000
1048133,M,7/22/1992,11,200000
1094787,M,2/9/1992,10,170000
661812,F,9/23/1991,11,95000
818701,M,12/15/1989,12,335000
1063653,M,11/14/1991,11,110000
189121,M,3/4/1990,13,450000
640037,F,6/22/1991,11,200000
906284,M,7/26/1993,10,310000
330544,M,2/25/1991,12,200000
643957,M,12/22/1990,11,240000
335906,F,5/24/1991,12,300000
657409,M,1/8/1992,11,75000
271549,M,2/26/1989,13,330000
964017,M,2/14/1993,10,140000
1066577,M,10/18/1992,10,320000
87319,M,10/27/1986,14,1210000
962441,M,8/10/1992,10,700000
335296,M,8/17/1989,12,120000
833277,M,2/28/1991,10,200000
239756,M,4/10/1989,13,315000
555652,M,11/14/1990,11,305000
543832,M,8/1/1992,11,335000
244546,M,3/3/1989,13,410000
610635,F,1/24/1991,11,200000
1076441,M,6/20/1991,11,315000
754392,M,2/18/1992,11,120000
330813,F,5/31/1990,12,310000
1072316,M,10/15/1990,11,375000
1242113,M,6/3/1992,10,240000
1084099,M,12/19/1990,11,295000
435378,M,4/8/1990,12,360000
108999,F,2/26/1987,14,260000
982410,M,7/5/1992,10,180000
1251678,M,12/23/1990,11,100000
920550,F,8/10/1993,10,160000
134985,M,10/23/1983,14,310000
1062180,M,6/28/1991,11,80000
1219078,M,7/17/1991,10,325000
333542,F,11/12/1990,12,400000
619605,M,6/28/1991,11,475000
921298,M,5/28/1993,10,180000
343541,F,2/2/1991,12,250000
1284293,M,6/20/1992,9,150000
53838,M,6/12/1987,14,100000
1261333,M,5/16/1992,10,300000
52923,M,8/16/1989,14,465000
332800,M,7/10/1990,11,200000
1190691,M,3/16/1993,10,360000
196482,M,9/16/1989,13,400000
110863,M,8/4/1988,14,720000
79007,M,8/26/1987,14,505000
263901,F,1/16/1990,13,380000
552730,F,3/7/1992,11,375000
111273,M,11/5/1988,14,290000
604198,M,3/9/1990,11,350000
30122,M,7/20/1985,14,100000
920332,M,9/3/1991,10,230000
282000,M,3/23/1989,13,315000
1083018,M,8/25/1992,10,615000
1069526,M,4/12/1991,11,200000
810018,M,9/21/1992,10,180000
1262987,M,12/4/1992,10,260000
53921,M,3/25/1988,14,1110000
281866,M,6/25/1988,13,170000
1098849,M,11/5/1991,11,180000
827639,M,2/1/1993,10,340000
133296,M,12/20/1988,14,145000
878844,M,3/18/1993,10,120000
295362,F,7/25/1989,13,180000
811394,M,4/22/1990,10,325000
879261,M,3/24/1987,12,95000
530147,M,11/7/1993,11,205000
815714,F,10/9/1991,11,280000
1290109,M,11/4/1990,10,215000
729532,M,8/11/1991,11,200000
1058583,M,3/31/1990,13,350000
390616,M,10/7/1990,12,190000
283428,M,4/5/1990,13,520000
64844,M,7/10/1987,14,335000
359993,M,5/20/1990,12,220000
82837,M,3/15/1990,13,450000
239715,M,12/1/1989,13,445000
831320,M,5/20/1993,10,200000
601131,M,3/25/1991,11,420000
1199988,M,6/17/1993,10,100000
324330,M,1/22/1990,12,120000
1112865,M,9/4/1992,10,315000
305041,F,1/18/1990,13,480000
1062173,M,6/29/1992,11,145000
327623,M,9/27/1990,12,450000
360992,F,10/24/1990,12,235000
1044759,M,1/5/1992,10,330000
454921,M,10/30/1988,12,320000
283164,M,6/15/1989,13,715000
1238094,M,9/9/1990,9,145000
702081,M,9/20/1990,12,180000
470741,F,8/6/1990,12,180000
1088859,M,6/27/1992,10,75000
431891,F,10/9/1989,12,280000
272323,F,8/24/1989,13,390000
1008832,M,6/28/1992,11,325000
852303,M,6/7/1992,11,300000
794755,F,4/5/1992,10,450000
535627,M,12/17/1992,10,505000
612621,M,6/18/1992,11,240000
797585,M,11/14/1989,11,240000
294861,M,12/12/1988,14,200000
919485,M,2/28/1993,10,450000
328471,M,8/18/1990,12,335000
319780,F,1/23/1989,13,310000
190589,F,4/20/1987,13,450000
31330,M,5/29/1986,14,600000
945679,M,9/27/1991,10,335000
743559,M,12/13/1991,11,150000
795018,M,6/26/1991,10,180000
1288243,M,8/18/1992,10,360000
662316,M,12/19/1990,11,180000
553393,F,10/24/1990,11,180000
928178,M,10/8/1991,11,240000
1044834,M,9/26/1993,10,350000
47016,M,2/29/1988,14,400000
1255815,M,8/21/1993,9,150000
1293567,M,5/27/1992,9,150000
449905,F,10/12/1990,12,455000
1037712,M,7/10/1992,11,240000
258837,M,7/28/1988,13,350000
336787,F,6/3/1991,12,385000
509967,M,7/23/1990,12,440000
798860,M,9/28/1991,11,380000
334430,M,9/9/1989,12,420000
331226,F,4/2/1991,12,360000
794736,M,11/30/1990,10,320000
325423,M,11/16/1989,12,355000
823924,M,9/1/1991,10,180000
244806,M,10/30/1989,13,490000
206788,M,7/15/1987,13,300000
803778,M,4/24/1992,11,2000000
1125281,M,11/1/1991,9,120000
133803,F,3/6/1987,14,240000
1244355,M,6/8/1992,10,325000
1204764,M,1/23/1993,10,100000
1187199,M,12/22/1988,12,180000
1083692,M,3/12/1993,9,250000
1045625,M,9/11/1992,10,300000
662630,M,11/20/1991,11,220000
768298,M,8/17/1993,9,1500000
212018,F,1/11/1988,13,275000
997622,M,9/14/1993,10,500000
627921,M,11/15/1991,12,510000
856638,M,6/1/1993,11,185000
514622,M,9/13/1990,12,490000
818479,M,9/29/1992,10,300000
530225,M,1/14/1992,11,410000
390024,M,1/24/1991,12,225000
1297757,M,3/8/1988,11,100000
336591,F,6/30/1991,12,330000
1060355,M,9/13/1992,10,300000
1288236,M,9/14/1992,10,325000
837194,M,10/26/1991,11,310000
593198,M,11/10/1991,11,120000
817070,M,6/5/1989,11,525000
1072592,M,10/11/1991,11,230000
872267,M,3/25/1992,10,300000
1183033,F,2/10/1993,10,305000
894646,M,5/12/1993,10,205000
140069,F,7/25/1988,14,320000
207052,M,10/2/1988,13,510000
1087164,F,8/11/1992,10,205000
1077918,M,6/4/1988,11,140000
633445,M,6/5/1991,11,360000
227704,F,1/29/1990,13,375000
224906,M,10/21/1985,13,180000
844474,M,8/13/1992,11,195000
430002,M,1/29/1991,12,310000
965223,M,5/22/1992,10,325000
813473,F,7/17/1992,12,275000
78936,M,8/24/1988,14,375000
280505,F,3/24/1990,13,515000
276354,F,1/14/1990,13,380000
327206,M,4/7/1988,11,350000
1192794,F,8/6/1992,10,265000
624680,F,3/22/1992,11,325000
538185,M,8/17/1991,11,380000
898205,M,3/24/1992,10,340000
306449,M,8/12/1989,13,280000
553697,M,12/25/1991,11,410000
1202633,M,8/30/1992,11,300000
319644,F,7/3/1991,12,395000
212917,M,5/10/1990,13,90000
313765,M,6/19/1989,14,300000
128849,M,7/28/1988,15,160000
425362,F,8/5/1991,12,145000
1248085,M,7/26/1991,10,150000
1048691,M,1/28/1993,10,145000
990077,M,7/30/1986,10,180000
231229,M,11/15/1989,13,730000
1191730,M,8/5/1990,11,105000
831967,M,5/8/1993,10,305000
651925,M,4/10/1991,11,325000
1107633,M,12/15/1992,11,180000
942616,M,9/5/1987,14,160000
639274,F,3/18/1992,11,210000
1043845,F,10/14/1990,11,275000
237243,M,7/12/1988,12,150000
1119582,M,7/10/1992,10,210000
975579,M,4/7/1993,10,180000
1087364,F,8/30/1991,11,325000
331155,F,10/6/1990,12,360000
914037,M,12/26/1987,10,180000
863619,M,8/2/1991,11,160000
340788,M,2/26/1990,12,485000
1037128,M,6/20/1992,11,350000
1106216,M,1/15/1992,10,325000
349796,M,7/15/1991,12,370000
633241,M,10/6/1993,11,350000
1086480,M,6/9/1993,10,320000
960228,M,10/9/1992,10,225000
297128,M,12/4/1988,12,200000
649762,F,11/18/1991,11,180000
36296,M,8/29/1989,14,400000
273865,M,5/13/1990,13,500000
895472,M,2/9/1993,10,325000
514167,M,2/20/1990,12,260000
806997,F,4/29/1991,12,205000
283462,M,7/21/1990,13,760000
257383,M,9/8/1988,14,180000
906896,M,9/8/1992,10,310000
644423,M,4/10/1992,11,150000
216101,F,6/6/1991,13,180000
1259848,F,11/26/1992,10,195000
308164,M,7/5/1990,12,370000
809634,M,7/11/1991,11,240000
1154787,F,9/15/1992,11,335000
1259589,M,3/18/1993,10,110000
578364,M,7/17/1989,13,150000
1060371,M,7/1/1993,10,200000
683018,M,5/12/1989,12,480000
385442,M,10/28/1990,10,820000
1261625,M,2/26/1990,11,210000
276909,M,7/5/1988,13,135000
89357,M,1/5/1989,14,225000
837643,M,4/18/1993,10,360000
644973,M,1/15/1991,11,95000
435389,M,7/18/1991,12,240000
1193177,F,4/18/1992,11,200000
311565,M,6/1/1989,13,460000
982188,M,8/10/1991,10,205000
555735,F,10/5/1991,11,350000
924418,M,7/10/1995,10,170000
415282,M,6/15/1991,12,215000
515652,M,3/31/1992,12,100000
929120,M,9/28/1992,11,300000
1101244,F,6/29/1992,10,100000
999212,M,6/4/1991,11,300000
604409,M,10/7/1990,11,500000
831674,F,3/11/1993,10,235000
196447,F,9/9/1988,13,370000
629498,M,5/29/1991,11,350000
306079,M,10/18/1989,13,120000
324269,M,5/31/1991,12,145000
813205,M,7/31/1991,11,325000
313455,F,1/14/1991,12,360000
833130,M,11/8/1992,10,180000
60315,M,1/27/1988,14,110000
993363,M,6/5/1991,11,300000
468092,M,7/27/1990,12,120000
946893,M,10/29/1987,15,150000
471444,M,4/28/1991,11,180000
577489,M,10/17/1991,11,310000
1067138,F,1/13/1992,10,350000
855314,M,10/9/1989,11,180000
626764,F,2/14/1992,11,350000
1002611,M,9/9/1992,10,325000
1083993,F,10/10/1989,12,370000
629571,M,9/17/1991,11,220000
536786,M,8/12/1991,11,420000
82986,M,5/29/1989,14,420000
843467,M,8/16/1990,11,275000
1049856,M,11/8/1992,10,355000
215666,M,5/21/1988,13,400000
660770,F,10/25/1991,12,200000
530470,M,7/7/1992,11,275000
655183,M,2/1/1991,11,450000
50240,M,12/21/1987,14,550000
1279785,M,9/20/1991,11,180000
628220,M,1/14/1991,11,315000
1087646,M,1/8/1992,10,220000
1284041,M,9/5/1992,10,120000
1281646,M,1/18/1991,11,110000
543906,M,4/1/1992,11,240000
932788,F,4/4/1992,10,300000
105673,F,5/23/1989,14,700000
895770,F,12/5/1992,10,300000
629733,M,1/27/1992,11,300000
1009094,M,12/17/1991,10,560000
668821,F,8/17/1990,11,200000
784879,M,8/12/1992,11,390000
353929,M,3/2/1989,12,420000
1272180,M,7/6/1992,11,310000
1098933,M,8/10/1990,11,120000
827677,M,12/16/1992,10,325000
416671,F,6/24/1989,12,120000
338248,F,8/6/1990,11,200000
601396,M,6/28/1991,11,475000
324574,M,5/30/1991,12,375000
1272431,M,12/2/1992,10,200000
542590,M,5/20/1993,11,260000
552673,F,11/12/1991,11,380000
638264,M,7/18/1990,12,180000
847671,M,5/12/1991,12,200000
652580,M,1/1/1992,11,325000
249696,M,5/16/1986,13,180000
595058,F,2/19/1989,12,500000
1243766,F,3/17/1992,10,320000
625194,F,11/22/1991,11,325000
982461,M,9/5/1992,10,275000
1068625,M,8/13/1993,10,180000
365948,M,8/9/1990,12,445000
811372,M,12/28/1992,10,325000
1140518,M,2/28/1992,9,180000
985092,M,9/1/1991,10,510000
609147,M,2/26/1991,11,415000
325937,F,3/13/1991,12,420000
1010140,M,6/11/1991,7,330000
1268067,M,8/17/1994,9,325000
1212036,M,6/10/1992,10,185000
661080,M,12/15/1991,11,290000
1248068,F,10/25/1991,10,190000
1100767,F,8/1/1993,10,300000
1211729,M,10/5/1992,9,110000
307910,M,5/22/1990,12,435000
577659,M,11/5/1991,11,300000
801323,M,2/17/1992,10,350000
653055,M,10/20/1991,11,255000
1051982,M,10/10/1992,10,210000
1249671,M,6/18/1992,10,155000
423053,M,1/13/1991,12,400000
371808,M,10/20/1989,12,60000
543624,M,4/26/1992,11,105000
690405,M,5/14/1990,11,185000
53931,F,6/12/1987,14,200000
810342,M,5/10/1992,10,315000
102065,F,9/6/1988,14,105000
275185,M,7/21/1989,13,425000
841251,M,12/10/1990,12,220000
982384,M,2/5/1993,10,115000
800561,M,8/15/1991,11,300000
359247,M,1/28/1991,12,260000
842506,F,3/22/1992,10,105000
513149,M,10/24/1990,12,150000
439787,F,1/16/1990,12,280000
1089390,M,1/8/1993,10,300000
212167,M,7/7/1989,13,150000
906332,M,3/17/1988,10,135000
252464,F,8/5/1989,13,200000
1010625,M,3/23/1993,10,120000
895614,M,11/29/1992,10,300000
238556,M,12/25/1987,13,500000
639156,M,3/3/1992,11,500000
336561,M,3/18/1988,12,375000
796833,M,12/30/1991,10,450000
1059642,F,2/26/1991,11,150000
746122,M,11/15/1991,11,400000
1061906,F,3/13/1991,11,120000
212076,M,2/25/1989,13,160000
432511,F,4/13/1990,12,400000
651128,F,4/20/1992,11,300000
974769,F,8/27/1992,10,300000
1245234,M,5/1/1992,9,200000
640103,M,4/16/1991,11,220000
460251,M,5/27/1986,12,310000
345800,M,7/22/1989,12,400000
338130,M,9/13/1990,12,325000
765370,M,6/10/1992,11,345000
1212119,M,6/14/1993,10,160000
258677,M,6/21/1984,14,300000
417713,M,8/7/1989,13,240000
1081371,M,12/23/1992,10,305000
947847,M,2/1/1993,10,300000
220634,M,12/14/1988,13,500000
954272,F,7/29/1990,12,350000
1045685,M,3/18/1993,10,2000000
1094242,M,2/6/1992,10,220000
250762,F,8/31/1988,13,340000
512833,M,3/4/1989,12,100000
946109,M,10/10/1992,10,180000
687992,M,6/15/1991,11,180000
536500,M,4/1/1989,12,475000
1243402,M,4/26/1992,11,245000
1082543,M,1/15/1991,10,215000
230512,M,10/5/1988,13,505000
509555,M,11/3/1991,11,145000
729448,F,1/29/1991,11,350000
1251526,F,11/23/1993,10,150000
42232,M,9/8/1989,14,420000
1104236,F,10/8/1992,11,145000
1065846,M,3/24/1993,10,400000
754959,M,7/27/1991,11,340000
774207,M,2/26/1991,12,115000
1218330,M,8/29/1993,10,200000
288761,M,9/15/1988,13,95000
791374,M,1/14/1992,12,280000
1204743,M,12/25/1993,9,300000
1037564,M,7/20/1991,11,110000
1279815,M,11/12/1992,10,320000
103165,M,12/9/1988,14,300000
731258,M,8/29/1990,11,95000
385232,F,11/12/1990,12,180000
53264,F,2/29/1988,14,300000
938182,M,9/19/1992,10,180000
1006872,F,9/8/1991,11,210000
795959,M,9/15/1991,10,325000
1111630,M,4/27/1993,10,120000
1218326,M,2/16/1991,11,120000
612253,M,6/12/1992,11,385000
453953,M,9/24/1985,14,480000
294767,F,2/16/1990,13,495000
823489,M,4/15/1992,10,300000
1232793,M,4/20/1988,12,300000
1266407,M,8/29/1993,10,205000
1194740,F,1/27/1993,10,100000
797192,F,11/9/1990,11,300000
306404,M,2/17/1988,13,275000
78868,F,4/19/1988,14,425000
1037131,M,5/12/1990,11,180000
660813,M,12/26/1990,11,330000
765181,M,9/11/1991,11,360000
1068919,M,3/30/1991,12,250000
1061157,F,7/10/1992,10,305000
786463,F,8/25/1992,11,410000
794088,M,2/2/1992,10,220000
637137,M,7/27/1990,11,45000
1042309,M,4/20/1990,11,335000
666151,F,5/28/1992,10,325000
53292,M,12/1/1986,15,95000
353442,M,9/14/1990,9,565000
473825,M,2/5/1988,13,660000
1269254,M,7/28/1992,10,450000
576183,M,3/30/1992,11,395000
893396,M,3/4/1992,11,100000
445839,F,9/29/1992,11,300000
668771,M,10/31/1991,11,300000
796958,M,5/17/1991,10,550000
203510,M,11/28/1989,13,325000
389427,F,5/28/1989,12,100000
667532,M,6/18/1994,9,330000
308813,M,6/18/1990,12,310000
602139,M,12/10/1991,11,355000
1219113,M,1/5/1992,10,340000
662137,M,5/15/1990,11,70000
847661,M,6/18/1991,11,440000
723781,M,12/13/1991,11,400000
970295,M,3/6/1992,10,345000
518336,M,1/4/1986,12,400000
656427,M,5/7/1991,11,120000
1122706,M,5/31/1991,11,110000
676286,M,3/12/1991,11,400000
11244,M,9/25/1988,14,565000
465319,M,8/25/1991,12,360000
1036813,M,4/1/1990,12,305000
611859,M,8/30/1990,11,275000
579375,M,10/21/1990,11,500000
1202848,M,7/13/1992,11,300000
594659,M,12/20/1990,11,100000
654318,M,1/21/1991,11,275000
818651,M,10/2/1990,12,275000
1123174,M,8/1/1991,7,290000
1163951,M,7/22/1991,11,300000
994256,M,12/13/1991,11,340000
353733,F,9/26/1991,12,145000
1089599,M,12/3/1990,11,250000
662991,M,7/18/1989,13,215000
606364,M,11/10/1991,12,180000
352449,M,10/5/1990,12,350000
440338,M,12/27/1990,12,550000
328107,M,12/20/1990,12,295000
1076173,M,12/16/1991,11,320000
1113571,M,5/2/1992,11,105000
730091,F,7/5/1989,11,80000
217052,F,3/25/1988,13,470000
360581,F,5/19/1991,12,155000
862240,M,9/4/1991,11,180000
520096,M,10/26/1989,12,180000
1152411,M,8/12/1992,10,315000
1038848,M,6/3/1989,11,300000
519248,M,7/26/1987,12,360000
632267,F,1/2/1992,11,80000
530178,M,7/15/1990,11,180000
132776,F,8/28/1988,14,335000
1232775,M,2/13/1991,11,300000
261601,M,4/3/1988,13,80000
1067148,M,9/3/1992,10,300000
859919,M,8/13/1991,11,180000
732766,M,9/19/1992,11,300000
815109,M,9/14/1989,12,200000
322685,M,3/21/1990,12,325000
572458,M,6/5/1990,12,370000
911998,M,1/1/1992,10,350000
205705,F,4/26/1989,13,500000
1200378,M,9/9/1990,11,200000
755067,M,5/20/1990,11,335000
313406,M,9/30/1989,12,410000
795920,M,6/21/1990,10,450000
265225,F,9/14/1990,13,200000
1091356,M,12/14/1989,11,120000
1218505,F,4/18/1991,11,105000
898656,M,10/13/1992,10,240000
1061658,M,2/15/1992,10,120000
611740,M,6/3/1992,11,300000
1262255,M,4/28/1991,10,315000
338449,M,11/26/1990,11,180000
669506,F,8/5/1992,11,300000
632729,M,8/13/1991,11,420000
211840,F,8/16/1989,13,35000
638979,M,10/20/1991,11,300000
536947,F,3/14/1992,11,400000
1190941,M,8/13/1993,10,320000
902947,M,12/27/1992,10,270000
644845,F,3/20/1991,11,350000
267864,M,4/23/1988,13,200000
260866,M,5/27/1989,13,2600000
244948,M,10/5/1989,13,145000
862250,M,8/16/1991,12,210000
597352,M,11/12/1989,11,180000
1089287,M,4/4/1992,10,300000
809524,M,5/20/1991,11,405000
810588,F,6/5/1992,10,100000
531765,M,4/5/1992,11,200000
1270390,M,7/25/1991,10,200000
988848,F,2/17/1993,10,110000
962300,M,6/29/1992,10,120000
1174291,F,12/2/1993,9,1025000
1073243,M,2/24/1991,11,240000
317745,M,4/30/1990,12,400000
637094,M,7/10/1993,10,180000
1195975,F,12/27/1990,10,200000
198026,M,11/27/1989,13,340000
895673,M,12/11/1991,10,350000
1242048,M,7/31/1991,10,105000
45527,M,4/5/1989,14,480000
1218931,M,1/9/1994,10,200000
1133192,F,12/28/1992,10,200000
1171251,M,1/28/1992,11,210000
786421,M,4/27/1992,11,365000
262863,M,11/19/1990,10,240000
1063434,M,12/27/1990,11,175000
579905,M,10/4/1989,12,500000
132996,M,1/5/1989,14,570000
138253,M,7/20/1987,14,680000
1062655,M,2/15/1993,10,300000
520439,M,2/13/1991,11,180000
947155,M,10/9/1992,10,200000
533417,M,2/28/1991,12,200000
217003,M,6/21/1989,13,435000
1264540,M,8/22/1992,10,240000
637345,M,7/3/1991,11,190000
285145,F,8/2/1989,12,300000
192625,F,2/10/1990,13,360000
483538,M,9/30/1990,12,275000
818646,F,8/17/1990,12,230000
350819,M,6/16/1992,10,200000
940402,M,6/30/1993,10,300000
863466,M,6/20/1990,11,350000
1203085,M,10/20/1991,10,785000
353470,M,7/12/1990,12,460000
264071,M,11/11/1989,13,365000
1096809,F,11/10/1993,10,200000
345074,F,7/3/1990,12,150000
947943,M,7/5/1992,10,300000
619658,M,11/4/1991,11,460000
1089283,F,4/15/1993,10,110000
1267237,F,12/12/1991,11,240000
324950,F,6/6/1990,12,305000
272869,M,9/11/1987,13,350000
133165,M,10/12/1988,14,240000
1081475,M,1/11/1993,10,310000
872500,F,7/2/1993,10,335000
261537,F,12/25/1989,13,430000
661253,F,1/7/1992,11,300000
1199257,M,4/10/1993,10,100000
1034772,M,7/28/1991,11,300000
600660,M,11/9/1990,12,285000
982516,M,12/17/1991,10,90000
245337,F,2/13/1988,13,60000
1041140,M,2/8/1992,10,200000
552539,M,11/25/1990,11,340000
339440,M,5/10/1991,12,45000
274306,M,10/16/1988,13,870000
262479,M,7/5/1988,13,495000
328681,M,10/1/1990,12,440000
1119899,M,9/24/1992,10,350000
921221,M,3/3/1993,10,325000
633381,M,9/25/1991,11,380000
108193,M,5/17/1988,14,130000
1204604,M,11/23/1991,10,300000
30706,M,10/2/1987,14,1200000
921009,F,10/19/1992,10,200000
353197,F,3/29/1990,12,375000
1230190,F,7/26/1992,10,300000
908846,F,2/2/1993,10,60000
133458,M,6/5/1986,14,150000
260283,F,6/3/1989,14,150000
1093626,M,12/28/1991,10,325000
473843,M,11/23/1988,13,350000
558050,M,6/17/1991,12,185000
1061698,M,8/9/1993,11,315000
104065,M,11/26/1984,14,185000
56695,M,7/31/1988,14,650000
320764,F,5/25/1991,12,375000
336128,M,2/25/1990,12,400000
57430,M,10/20/1986,14,180000
1272078,M,1/27/1991,10,60000
1000998,M,3/5/1992,10,100000
102965,M,4/2/1989,14,460000
947534,M,11/30/1992,10,310000
487704,M,9/10/1992,11,144000
332142,M,10/9/1990,12,230000
330355,M,2/19/1991,12,500000
959435,F,7/17/1992,10,180000
640729,F,10/18/1991,11,300000
846760,F,11/10/1991,12,90000
1259766,M,8/3/1990,10,325000
583152,M,6/9/1992,11,510000
964045,F,11/24/1992,10,300000
829991,M,8/17/1991,10,325000
333417,M,1/27/1991,12,700000
226736,M,5/13/1989,13,100000
133328,M,6/1/1988,14,170000
1123050,M,6/15/1990,11,100000
216031,M,9/9/1990,13,130000
1149831,M,4/11/1993,10,220000
611521,M,9/3/1991,11,120000
416752,F,7/15/1989,13,240000
1088268,M,7/26/1991,11,240000
346321,M,5/2/1991,12,410000
563011,M,4/16/1988,12,140000
919445,M,8/25/1991,10,325000
1030716,F,12/5/1992,10,200000
1148365,M,12/25/1991,11,105000
604484,F,1/30/1991,12,180000
325701,F,7/24/1989,12,115000
542127,F,12/10/1991,11,215000
339763,F,5/8/1990,12,120000
321231,M,12/31/1988,12,250000
335390,F,10/15/1989,12,440000
1061897,M,4/20/1990,11,180000
1230280,M,6/21/1992,10,315000
458867,M,4/29/1992,11,320000
496538,F,8/16/1990,13,265000
445828,M,3/25/1992,11,240000
1066890,M,8/3/1992,11,180000
613031,M,7/21/1992,11,350000
325665,M,8/25/1988,12,335000
1034607,M,6/25/1991,10,300000
539169,M,3/27/1991,12,495000
900799,M,3/15/1992,10,320000
467264,F,6/18/1990,13,180000
390136,M,2/1/1991,12,110000
1081403,M,1/1/1992,10,305000
533473,M,8/27/1989,12,325000
109292,F,10/25/1988,14,250000
41579,F,9/23/1988,12,370000
746268,F,6/5/1992,11,165000
1119013,F,9/29/1990,10,200000
356190,M,8/25/1989,12,230000
59555,M,8/21/1987,12,400000
206705,M,1/2/1989,13,500000
57211,M,11/22/1989,14,480000
220946,M,5/28/1989,13,810000
914981,M,4/18/1988,11,200000
536085,F,1/16/1991,12,360000
827594,M,2/22/1992,10,325000
112075,F,12/19/1987,14,320000
1133187,M,4/18/1991,10,150000
552690,M,3/4/1990,11,240000
335938,F,9/10/1991,12,300000
225959,M,11/3/1989,12,395000
609043,F,9/6/1991,11,440000
1289702,M,11/9/1991,11,180000
1095080,M,3/15/1992,11,235000
901224,F,7/5/1993,10,315000
306463,F,8/13/1986,13,160000
959981,M,3/2/1991,10,90000
1112003,M,12/24/1989,11,120000
1138316,F,10/6/1992,10,185000
1218624,M,1/30/1992,10,345000
267683,M,2/20/1989,13,360000
311098,M,9/2/1983,13,120000
232101,M,5/16/1988,13,400000
292803,M,2/15/1991,12,200000
1296310,M,1/17/1991,10,225000
955301,F,3/18/1992,10,240000
30101,F,10/13/1986,14,420000
1251281,M,9/9/1991,11,225000
140121,M,6/15/1988,12,90000
1262900,M,6/14/1993,10,180000
652269,M,12/27/1991,11,180000
161107,M,2/16/1989,14,560000
553371,F,9/30/1990,11,335000
869283,F,1/3/1993,10,100000
327759,M,10/5/1990,12,880000
1230478,M,12/21/1992,10,200000
669596,F,5/5/1991,11,45000
431800,M,10/23/1990,12,200000
332049,F,5/4/1990,12,150000
600302,F,9/10/1989,13,200000
1097036,F,11/26/1992,10,100000
1193753,F,9/13/1992,10,300000
345838,M,5/29/1991,12,225000
1063512,M,5/31/1992,11,300000
576122,M,7/3/1991,11,200000
223303,M,7/29/1989,13,405000
692668,M,2/28/1992,11,70000
644440,M,8/7/1991,11,110000
1083136,M,11/24/1990,10,300000
357389,F,12/3/1991,11,350000
52581,M,6/1/1987,15,180000
1063454,M,8/25/1989,11,300000
869474,M,12/17/1992,10,240000
576225,M,1/2/1992,11,120000
910160,M,5/21/1993,10,195000
905258,M,6/4/1992,10,325000
278656,M,9/20/1989,13,305000
662008,F,11/13/1987,11,100000
453187,M,3/28/1990,10,180000
238392,F,9/24/1989,13,450000
138359,M,6/16/1988,14,335000
1225896,F,8/10/1991,11,120000
593082,F,12/13/1992,11,335000
1279983,F,6/25/1991,10,200000
330102,F,9/3/1990,12,100000
597697,M,3/1/1992,11,325000
655270,F,7/5/1991,11,250000
988792,F,11/13/1989,10,200000
127002,M,1/5/1989,14,475000
337629,F,9/10/1990,12,300000
1082552,F,12/13/1993,10,200000
531480,M,12/30/1991,11,365000
1099501,M,7/10/1993,10,110000
1239524,M,1/9/1990,12,180000
860597,M,7/9/1991,11,395000
293843,M,2/8/1987,13,110000
555964,F,10/18/1991,11,180000
1224952,M,7/15/1991,10,325000
328944,F,2/9/1990,12,450000
669240,M,1/16/1992,11,280000
283122,M,8/10/1989,13,150000
284738,M,11/3/1988,13,470000
445747,M,11/12/1989,12,180000
323688,M,12/6/1988,12,1200000
580044,M,12/4/1990,12,145000
632106,M,9/5/1992,10,180000
872029,M,12/14/1991,10,180000
331779,M,1/26/1990,12,160000
586115,M,3/10/1990,12,145000
389449,F,11/8/1990,12,420000
48647,M,11/27/1987,15,600000
289737,M,5/24/1989,13,300000
407686,M,11/11/1990,12,400000
765578,F,8/4/1992,11,145000
941984,M,8/24/1992,10,180000
1274900,M,10/30/1991,11,220000
451922,F,11/7/1990,12,100000
602117,M,12/20/1990,12,455000
1077269,M,8/16/1990,11,380000
1218872,F,3/16/1991,10,150000
313081,M,8/10/1990,13,100000
425471,M,8/13/1991,12,305000
330663,F,2/27/1991,12,410000
660767,M,10/23/1991,11,200000
78510,M,2/11/1988,14,220000
869298,F,6/2/1993,10,220000
124278,M,6/10/1989,14,475000
580616,F,9/14/1991,11,360000
1088714,M,1/23/1991,11,120000
283274,M,6/13/1988,13,600000
900218,M,1/11/1988,10,420000
511778,M,8/12/1991,9,325000
355922,M,2/27/1992,12,315000
1119237,M,10/19/1992,10,400000
309046,M,11/21/1993,11,250000
991880,M,7/24/1991,10,200000
1117475,F,11/16/1991,11,200000
810433,F,8/5/1991,10,400000
117082,M,3/6/1989,14,385000
1267278,M,12/9/1988,11,145000
100113,F,6/23/1988,14,510000
658893,M,10/1/1990,11,365000
669368,M,11/7/1991,11,320000
1106147,M,6/8/1992,10,350000
307328,M,8/8/1990,12,120000
1274688,M,4/7/1992,10,175000
810113,M,4/25/1993,10,215000
905195,M,8/28/1991,10,400000
1003364,M,5/12/1993,10,180000
242799,M,10/3/1989,13,100000
1218574,M,8/1/1991,10,350000
1233060,M,5/26/1990,11,145000
1085605,M,1/2/1992,11,200000
144942,M,4/5/1989,11,205000
340045,M,8/20/1991,11,100000
1122860,M,11/21/1992,10,300000
34551,M,7/30/1988,14,1100000
636997,M,3/10/1992,11,235000
1044637,M,12/5/1991,10,275000
1088771,M,1/27/1990,12,180000
878500,M,2/23/1993,10,75000
479756,M,12/10/1990,12,300000
1077690,M,6/24/1992,10,275000
601071,M,8/30/1991,11,300000
669934,M,6/2/1992,11,200000
655292,F,5/29/1992,11,180000
1027655,M,7/2/1992,10,300000
624843,F,9/26/1991,11,110000
1058932,M,10/26/1989,11,400000
1259641,F,2/21/1992,11,220000
256680,M,8/25/1989,13,520000
1076044,M,1/7/1992,11,360000
677102,F,11/2/1992,11,170000
243794,M,5/31/1989,13,475000
1123216,M,11/12/1989,12,100000
436253,F,10/29/1989,12,200000
1171988,F,10/7/1991,11,320000
267894,M,1/9/1988,13,190000
807306,M,6/11/1988,10,150000
484152,M,5/16/1991,11,400000
1269213,M,1/31/1989,10,120000
1266709,M,1/18/1992,10,195000
206734,M,11/7/1988,13,675000
918889,M,12/9/1993,10,180000
752115,M,10/29/1991,11,300000
41012,M,4/20/1986,14,370000
333439,M,9/20/1991,12,290000
933812,M,1/9/1992,10,310000
1158194,M,6/16/1992,9,200000
359057,M,5/31/1990,12,345000
214454,F,8/30/1989,12,190000
192966,F,8/20/1988,13,200000
642404,M,7/1/1992,11,600000
416040,M,4/3/1990,12,400000
1061749,F,3/10/1989,11,110000
1013562,F,10/4/1991,11,205000
215639,M,4/20/1989,13,370000
534043,M,8/30/1990,11,120000
244386,M,10/9/1988,13,225000
1097167,F,2/23/1993,10,400000
318391,F,8/10/1990,12,425000
660954,M,8/17/1990,11,265000
439125,M,1/27/1989,12,450000
611020,M,8/7/1992,11,240000
863437,M,12/10/1990,11,325000
340205,M,4/7/1991,11,300000
331251,F,12/10/1990,12,355000
265303,F,10/6/1989,13,110000
519873,M,4/5/1991,9,150000
1043020,M,6/21/1991,11,335000
1284437,F,11/16/1992,9,200000
654308,F,7/28/1991,11,300000
1081172,M,9/13/1991,10,145000
591412,M,2/3/1991,11,200000
948250,M,9/11/1992,10,205000
346395,M,8/18/1984,12,140000
1248570,F,6/5/1993,10,225000
786671,M,5/18/1992,11,180000
263961,F,6/2/1988,13,300000
820222,M,1/11/1991,11,130000
262768,M,12/24/1989,13,215000
542295,M,6/23/1990,11,180000
1233512,M,8/23/1992,9,335000
676848,M,3/15/1991,11,120000
425242,M,8/22/1989,12,180000
60599,F,9/6/1987,10,265000
602267,M,2/18/1991,11,320000
836060,M,11/23/1993,10,145000
347313,M,5/4/1991,12,260000
640930,M,2/27/1991,11,310000
958388,M,10/2/1991,11,420000
479849,M,12/11/1988,12,465000
1168885,M,12/8/1990,10,180000
823838,M,11/18/1990,10,315000
1231817,M,7/11/1990,12,135000
872494,M,8/11/1992,10,315000
644828,F,3/11/1992,11,360000
1088625,M,5/7/1990,10,275000
355786,F,3/29/1991,12,120000
1118955,M,11/1/1991,10,325000
580697,M,5/27/1991,11,450000
190981,M,11/18/1989,13,550000
325637,F,4/16/1989,12,400000
845576,F,11/23/1992,10,65000
582410,M,7/4/1990,11,350000
820700,M,2/5/1992,8,265000
1042334,M,4/30/1991,11,65000
638324,M,8/10/1989,11,180000
666182,M,12/11/1992,10,325000
872171,M,4/11/1992,10,325000
96708,F,8/10/1987,13,400000
1004939,M,1/28/1991,10,200000
1098807,M,3/25/1991,11,190000
336785,M,1/15/1991,12,365000
961030,M,5/4/1991,10,180000
1274668,M,12/25/1990,11,330000
33747,F,1/16/1990,12,390000
1242062,M,6/25/1990,10,240000
60401,M,10/31/1988,14,360000
786404,M,5/23/1992,11,350000
955389,F,7/5/1992,10,215000
271766,M,7/9/1988,13,600000
1194943,M,7/7/1992,10,200000
1044171,F,12/6/1989,12,190000
1087018,M,12/17/1992,10,95000
592833,F,9/24/1991,12,205000
815219,M,1/13/1992,11,330000
852310,M,11/3/1991,11,120000
493796,M,9/11/1990,12,600000
619949,M,4/5/1991,11,350000
509283,M,5/3/1989,12,500000
676260,M,7/18/1991,11,335000
58857,M,11/19/1986,14,400000
1231982,M,12/12/1990,11,180000
205703,F,12/20/1988,13,430000
103858,M,8/9/1988,14,300000
325432,F,10/8/1990,12,320000
1139162,M,9/1/1991,11,230000
1289692,F,4/25/1992,10,250000
693698,M,11/15/1991,11,120000
1251004,F,4/29/1992,11,200000
312164,M,4/25/1988,14,1200000
302031,M,10/15/1988,14,270000
1039020,M,9/9/1992,11,310000
639785,M,11/16/1991,11,180000
1260265,M,11/1/1990,12,300000
510199,M,11/13/1990,12,770000
318959,M,7/21/1991,9,360000
324440,M,4/29/1989,12,210000
1238258,M,12/17/1992,10,400000
1262574,M,11/24/1990,10,60000
641531,M,5/26/1991,11,330000
1242936,M,12/29/1992,10,105000
50216,M,11/28/1988,14,160000
416468,M,5/9/1989,12,350000
1105982,M,8/1/1991,10,350000
339689,F,8/20/1991,12,200000
337594,M,11/17/1991,12,400000
230702,M,12/27/1987,13,700000
989810,M,8/9/1992,9,180000
329900,F,7/22/1990,12,360000
263713,M,10/29/1989,13,180000
472956,M,6/11/1992,10,220000
264334,M,4/8/1985,13,460000
531726,F,11/15/1992,11,310000
643081,M,2/15/1993,10,300000
1010732,M,12/30/1991,10,100000
1152563,M,3/16/1993,11,310000
239868,F,5/28/1989,13,510000
361994,F,6/3/1990,12,330000
414039,M,5/17/1991,11,345000
329829,M,4/7/1991,12,240000
1266586,M,1/24/1992,11,100000
467660,F,5/17/1988,12,205000
525365,M,6/18/1989,12,110000
232481,M,9/21/1984,13,2500000
765483,M,6/7/1992,11,220000
1098764,M,6/21/1993,10,120000
644584,M,1/3/1988,12,185000
830982,M,8/22/1992,10,325000
407736,F,3/18/1990,12,490000
1084321,M,1/4/1991,11,525000
270455,M,10/9/1988,14,430000
1098801,F,3/11/1993,10,340000
455020,M,12/5/1989,12,450000
661581,M,10/1/1989,11,180000
1279987,M,10/26/1988,12,435000
262814,M,6/18/1988,13,145000
634935,M,9/25/1990,11,180000
1063324,M,10/21/1991,11,300000
335460,M,5/28/1991,12,200000
525508,M,5/2/1991,12,200000
284570,M,9/22/1989,13,180000
985445,M,6/15/1991,10,120000
354751,F,5/27/1991,10,215000
708980,M,8/20/1991,11,295000
823040,M,9/5/1991,10,300000
800018,M,3/6/1990,11,305000
990516,F,7/6/1993,10,325000
50241,M,10/20/1989,14,120000
1088588,M,7/2/1993,10,300000
1229820,M,8/15/1992,10,320000
1048553,M,8/5/1992,10,320000
509310,F,2/6/1990,12,345000
267150,M,12/25/1990,12,150000
1218497,M,6/6/1990,12,145000
33169,F,3/23/1988,14,730000
806072,M,7/28/1990,10,400000
619139,M,3/8/1991,11,180000
1083259,M,3/10/1993,10,325000
470584,F,12/18/1992,11,420000
1122695,F,4/9/1992,10,125000
816885,M,1/28/1992,11,300000
385354,M,8/9/1990,12,355000
1034780,F,11/2/1990,11,95000
312286,F,8/7/1990,13,395000
1203363,M,6/13/1993,10,230000
217036,M,2/27/1990,13,415000
1211760,M,10/14/1989,11,215000
1088654,M,7/7/1990,11,205000
246190,M,3/21/1990,13,500000
283468,M,6/25/1988,13,390000
1003178,M,6/23/1993,10,180000
34472,M,4/30/1988,14,375000
604848,M,2/11/1993,11,200000
950824,F,10/10/1992,10,300000
1066419,M,2/27/1989,11,335000
796593,M,6/19/1992,11,420000
505818,M,3/6/1989,12,200000
600997,F,8/22/1990,11,240000
815553,F,1/31/1992,11,120000
64400,M,1/22/1989,14,500000
1029318,F,9/3/1990,11,310000
331674,M,3/1/1991,12,120000
238452,M,10/14/1988,13,290000
191027,F,10/23/1986,13,350000
1211564,M,9/6/1992,10,325000
387430,F,10/9/1989,12,235000
1282459,M,1/5/1994,9,325000
134963,M,5/12/1986,14,1300000
343490,F,9/19/1990,12,225000
955595,F,1/17/1993,10,100000
52916,F,7/21/1989,14,300000
665324,F,3/26/1991,11,355000
358393,F,5/14/1990,12,430000
1036442,M,8/11/1991,11,240000
1096106,F,1/26/1992,10,115000
332563,M,11/10/1991,11,180000
322753,M,6/28/1990,12,95000
240634,M,6/30/1989,13,350000
247003,F,7/19/1989,13,345000
1087768,M,9/24/1992,10,315000
553645,M,11/8/1990,11,350000
666201,M,3/26/1992,10,325000
1122980,F,6/1/1990,11,190000
214231,F,6/9/1990,12,465000
806476,M,1/30/1992,10,500000
730823,M,1/19/1992,11,415000
1251710,M,7/25/1990,11,140000
806424,M,9/7/1992,10,350000
1218764,M,9/9/1992,10,320000
655515,M,6/30/1991,11,420000
1150621,F,7/26/1991,11,145000
352906,M,10/7/1990,12,150000
580718,M,12/17/1990,11,420000
633578,M,4/15/1991,11,180000
597773,M,4/23/1991,11,400000
335720,M,9/12/1990,12,440000
873020,M,7/10/1991,11,240000
333596,M,2/27/1991,12,405000
1120492,M,2/18/1991,11,200000
913574,M,4/10/1993,10,310000
794269,M,9/26/1992,10,325000
274473,F,1/31/1990,13,440000
529431,M,10/5/1991,12,405000
1078264,M,5/15/1991,11,240000
1208010,M,1/7/1992,10,145000
983328,F,4/15/1991,10,170000
553678,M,10/5/1991,11,265000
542410,M,6/30/1991,11,440000
1097251,M,12/27/1989,11,325000
317779,M,3/3/1990,12,355000
797600,M,11/4/1991,11,600000
328451,M,4/15/1990,12,430000
215931,F,7/1/1989,13,380000
278898,M,7/1/1989,13,320000
784141,F,8/11/1990,12,140000
407688,F,2/27/1990,12,320000
47916,M,4/15/1987,14,280000
807302,M,1/18/1992,10,120000
941955,M,9/13/1990,10,300000
1179971,M,10/3/1992,10,120000
455357,M,9/14/1990,12,250000
439077,M,6/10/1991,12,310000
1063131,F,8/1/1993,10,100000
1035883,M,3/28/1990,11,280000
795013,M,10/9/1990,10,105000
917544,M,11/8/1990,10,220000
473226,F,6/28/1992,10,200000
342743,M,12/20/1991,12,610000
1044443,F,10/21/1991,11,240000
225973,M,8/11/1990,12,400000
193023,M,8/15/1989,13,725000
337656,M,12/17/1990,12,500000
465556,M,8/24/1990,12,100000
1264789,M,8/9/1992,10,320000
918568,M,1/12/1991,11,775000
831973,M,2/17/1992,10,305000
614413,M,2/15/1991,10,120000
1095193,F,7/22/1989,13,120000
1046268,M,11/13/1992,11,240000
1095943,M,7/2/1989,10,100000
1044954,M,5/19/1991,12,170000
872042,M,9/10/1994,10,200000
373206,M,2/22/1991,9,150000
670620,M,8/20/1991,11,310000
1123185,M,10/3/1991,10,100000
611458,M,1/8/1991,11,350000
520456,M,11/9/1991,11,100000
336560,F,9/23/1989,12,450000
814788,M,11/30/1990,12,360000
927464,M,4/14/1993,10,325000
211934,M,5/19/1989,12,50000
944290,F,7/23/1991,11,200000
467560,M,4/14/1990,12,235000
1202802,F,8/19/1990,11,100000
616935,M,2/3/1992,11,130000
35408,M,8/3/1988,13,430000
984550,M,9/5/1992,9,320000
1171253,M,12/16/1991,11,220000
1207660,M,7/5/1993,10,120000
663786,F,8/23/1992,11,385000
615835,M,9/6/1992,10,220000
1044367,M,5/27/1993,10,300000
711342,M,12/7/1992,11,120000
321090,M,7/15/1990,12,520000
295129,F,12/26/1991,12,300000
1088210,M,3/28/1991,12,180000
123370,M,1/18/1989,13,280000
1091127,M,12/20/1992,11,150000
329579,M,4/2/1989,12,100000
644569,M,12/21/1990,12,280000
859668,M,6/9/1991,11,330000
652414,M,10/1/1991,11,180000
512748,M,1/5/1991,12,520000
1169464,F,7/9/1989,12,300000
327337,M,3/9/1990,12,415000
421614,M,6/16/1990,12,215000
676634,M,12/26/1991,11,310000
833462,M,4/3/1989,14,240000
576127,M,9/13/1990,11,195000
298308,M,10/1/1990,12,430000
247966,M,6/7/1989,13,400000
326978,M,11/25/1990,12,450000
669535,M,8/11/1990,11,105000
902378,M,8/10/1992,10,275000
308991,F,4/7/1991,11,250000
330310,F,9/7/1990,12,280000
333767,M,8/23/1991,12,425000
1190029,M,12/1/1991,10,300000
510158,M,10/23/1990,12,335000
611624,M,3/26/1991,11,300000
256138,M,8/21/1986,14,500000
806544,M,2/14/1993,10,280000
391149,M,1/1/1991,12,335000
1161576,F,3/2/1992,10,200000
1188011,M,9/17/1991,10,305000
806990,M,6/1/1991,11,480000
216527,F,6/10/1986,13,120000
872338,M,6/25/1991,10,305000
815859,M,11/6/1991,10,330000
962293,M,9/21/1992,10,100000
1122867,M,2/12/1993,10,305000
940518,M,5/18/1990,13,225000
924753,M,9/1/1992,10,325000
78978,M,8/5/1988,14,555000
640779,M,5/28/1991,11,210000
341946,M,1/8/1991,12,450000
796733,M,1/16/1992,11,315000
705093,M,6/17/1992,11,325000
391977,M,7/25/1990,12,225000
1092890,M,6/20/1992,11,310000
631799,M,6/14/1991,11,200000
391116,M,5/17/1991,12,350000
656053,F,9/19/1990,11,305000
642997,M,6/17/1992,11,110000
49508,M,9/19/1984,15,415000
868791,M,5/19/1993,10,325000
432156,M,7/2/1990,13,290000
471396,M,9/12/1991,11,245000
640581,F,9/25/1991,11,360000
466888,F,11/30/1990,12,325000
796891,F,7/8/1992,10,300000
541286,M,10/2/1990,11,415000
670672,M,7/15/1990,11,280000
856700,M,6/8/1991,11,200000
962937,M,10/16/1991,10,325000
1119098,F,5/28/1993,10,180000
204287,F,9/4/1989,13,480000
955427,F,10/18/1992,10,180000
1208205,M,2/28/1991,10,165000
1194293,M,11/24/1991,10,120000
932813,F,3/16/1992,10,325000
222887,M,10/8/1989,13,360000
357365,M,4/10/1991,12,265000
1203568,F,4/20/1993,10,300000
929961,M,8/14/1991,10,240000
278972,M,8/25/1988,13,300000
814673,M,10/13/1989,11,200000
389358,M,8/17/1988,12,180000
728009,M,5/17/1989,12,405000
1152098,M,12/19/1990,11,170000
625434,M,10/28/1991,11,565000
298284,M,7/18/1990,12,540000
910069,M,5/7/1993,10,420000
192591,M,3/26/1990,13,500000
619651,F,8/12/1988,11,180000
1194679,F,2/28/1993,10,145000
896584,F,12/1/1990,11,100000
295355,M,5/20/1990,13,110000
827775,M,4/27/1992,10,325000
358631,F,7/31/1990,12,375000
108231,F,1/7/1987,14,1200000
342176,M,3/16/1989,12,515000
791334,F,9/5/1991,11,60000
963688,M,10/9/1993,10,150000
615766,M,10/30/1991,10,450000
141813,M,1/31/1986,14,175000
1292126,M,8/25/1991,10,150000
121686,M,5/23/1989,14,415000
602377,F,8/21/1992,11,270000
1026255,F,7/8/1992,10,325000
1066385,F,2/17/1992,11,240000
124198,F,12/5/1987,14,100000
239943,F,8/1/1989,13,475000
48796,M,7/25/1984,15,680000
1241846,F,12/10/1991,10,175000
1037121,M,10/12/1989,11,325000
225191,M,4/5/1988,13,150000
1124992,M,10/10/1992,10,140000
557677,M,8/8/1990,12,315000
1231828,M,7/1/1990,11,335000
340244,M,4/1/1990,11,150000
1173129,M,2/18/1990,11,240000
36759,M,5/12/1989,14,250000
330576,F,3/1/1991,12,180000
1089852,F,5/17/1992,11,100000
913913,M,2/9/1992,10,245000
342188,M,11/20/1990,12,420000
285799,M,4/1/1989,13,325000
993561,M,6/30/1991,11,220000
345243,F,3/15/1989,12,500000
29161,M,5/31/1989,14,140000
354675,F,8/30/1990,12,300000
354739,M,8/12/1988,12,105000
633535,F,3/21/1992,11,265000
803471,M,3/21/1992,10,225000
640755,M,4/10/1992,11,70000
345175,M,10/13/1987,14,2000000
60279,M,3/2/1988,14,200000
1001419,M,8/31/1992,10,450000
1251123,F,2/3/1993,10,95000
119221,M,10/20/1988,14,400000
1233727,M,6/30/1994,9,300000
337533,M,9/18/1990,12,450000
1026244,F,8/7/1993,10,325000
533466,M,9/14/1989,12,240000
1052809,M,1/12/1992,11,120000
280764,F,3/26/1990,13,145000
812583,M,1/15/1985,12,290000
1270682,M,3/9/1993,10,205000
641222,F,2/1/1992,11,300000
781274,F,12/21/1991,11,280000
352532,F,6/14/1990,12,250000
423068,M,12/1/1989,12,195000
1080089,M,6/9/1991,10,200000
503183,M,8/10/1991,11,360000
624771,M,12/5/1991,11,240000
1203329,M,4/20/1990,11,125000
320706,M,4/3/1990,12,405000
78587,M,8/29/1986,13,255000
1133196,M,12/17/1991,10,150000
1093783,M,3/16/1994,10,100000
922200,M,4/22/1993,10,250000
478702,M,9/3/1990,12,240000
243493,M,2/12/1990,13,300000
682615,F,3/6/1991,11,300000
242775,M,9/26/1989,13,240000
677204,M,1/6/1992,11,390000
552482,M,3/27/1991,11,705000
126780,M,6/14/1989,14,620000
338352,M,1/12/1992,11,345000
1211611,F,3/27/1992,11,330000
579845,F,8/5/1990,12,240000
1068768,M,11/27/1991,11,400000
801764,M,7/11/1992,11,335000
902971,F,2/11/1991,11,325000
342865,M,3/23/1992,10,120000
580660,M,12/6/1991,11,925000
466809,M,11/18/1988,12,280000
374573,M,6/1/1990,12,500000
328915,M,11/24/1990,12,620000
203388,M,8/14/1989,13,320000
285838,F,2/23/1990,13,400000
103861,M,7/21/1988,14,505000
331256,F,12/19/1990,12,500000
125529,M,8/29/1989,14,455000
955377,M,3/12/1991,10,330000
1204936,F,9/9/1993,10,325000
469011,M,9/5/1990,12,405000
345100,F,8/28/1990,12,200000
998833,M,4/17/1991,11,120000
601301,M,7/1/1989,11,100000
228081,M,10/25/1988,13,440000
359928,M,12/20/1990,12,200000
1077946,M,8/12/1991,11,140000
336546,M,6/18/1990,12,415000
580712,M,5/12/1991,11,400000
945560,M,8/24/1990,11,300000
796197,F,1/11/1993,10,800000
1017485,F,9/4/1991,10,200000
801492,M,12/16/1991,11,240000
653872,M,7/1/1991,11,180000
1098869,M,9/26/1992,10,300000
47709,M,10/26/1988,14,325000
655090,M,2/24/1992,11,210000
1256044,M,4/12/1992,9,180000
457958,F,8/12/1990,12,210000
863448,M,7/7/1991,12,120000
579952,M,3/5/1991,12,410000
29042,M,8/25/1988,14,470000
415949,M,3/2/1988,12,180000
995141,M,8/14/1991,11,180000
629345,F,8/24/1991,11,335000
360022,M,10/7/1990,12,110000
35248,M,2/5/1990,13,480000
289381,M,10/2/1989,13,290000
287020,M,12/8/1985,13,445000
1191908,M,10/13/1992,10,200000
818107,M,7/1/1992,12,105000
404143,M,6/1/1990,13,205000
220601,F,9/13/1986,13,180000
656739,M,5/2/1989,11,325000
295290,F,1/1/1989,12,145000
1058572,F,6/23/1989,12,300000
277278,M,4/18/1990,13,300000
1204500,M,3/24/1991,10,320000
309190,M,2/6/1986,12,180000
480729,M,6/18/1986,17,120000
1088773,F,12/14/1991,11,240000
94788,F,4/8/1988,15,300000
1092951,F,11/20/1992,11,225000
469012,F,9/30/1990,12,360000
553357,M,9/2/1991,11,420000
365974,M,7/22/1989,12,400000
1101727,M,2/12/1992,11,300000
299447,M,12/11/1988,10,360000
1290085,M,5/3/1992,10,275000
865959,F,6/4/1993,10,315000
796151,M,12/8/1988,10,820000
1123015,F,1/4/1992,10,300000
308499,F,8/2/1988,13,85000
1053599,F,5/4/1993,10,125000
332961,M,4/2/1991,12,430000
21229,M,1/4/1984,15,500000
736897,M,1/16/1992,11,325000
601296,M,6/23/1989,11,145000
765378,M,7/27/1992,11,410000
781929,F,2/13/1992,11,300000
450428,M,8/8/1991,11,165000
954255,M,10/31/1992,10,330000
1085603,M,5/30/1991,11,180000
525682,M,10/4/1990,12,360000
87291,M,6/24/1989,14,600000
355018,M,5/11/1991,12,285000
337783,F,5/7/1989,12,375000
54579,M,7/1/1986,15,195000
1060744,F,10/19/1992,10,340000
796296,M,1/5/1992,10,600000
770194,F,7/16/1988,13,545000
1284328,M,5/3/1992,9,245000
231172,F,11/14/1986,13,270000
423045,M,8/3/1989,12,410000
1250337,F,10/11/1992,10,325000
282152,M,2/4/1989,13,320000
416007,F,11/8/1989,11,240000
103323,M,7/12/1989,14,410000
83285,M,3/31/1988,14,390000
259974,F,8/20/1989,14,120000
1271730,M,2/9/1991,11,200000
793156,M,7/2/1990,10,325000
1160472,M,9/9/1993,9,350000
869050,M,3/14/1993,10,505000
341591,M,11/12/1990,12,585000
1290145,M,8/3/1992,10,320000
126316,M,5/12/1989,14,180000
605047,F,12/8/1992,11,180000
529858,M,4/20/1991,11,350000
30739,M,8/15/1987,14,310000
274014,M,8/1/1990,13,620000
341274,M,12/8/1990,12,400000
552751,M,3/2/1991,11,590000
279001,M,8/11/1989,13,175000
374962,M,3/11/1991,12,430000
1086345,F,2/11/1994,9,300000
355903,F,9/20/1990,12,250000
331680,M,7/19/1991,12,200000
82310,M,7/20/1988,14,500000
864107,F,3/4/1991,11,145000
1008489,F,10/5/1993,10,240000
281940,M,7/31/1989,13,660000
325412,F,8/7/1990,12,3500000
299705,M,4/12/1990,10,130000
999306,M,12/13/1991,11,120000
1262831,M,6/9/1990,11,120000
359038,M,6/20/1991,12,400000
1088562,M,9/20/1992,10,325000
1087625,M,6/10/1992,10,325000
511865,F,12/4/1989,11,180000
280793,M,2/3/1990,13,720000
823293,M,10/11/1991,10,450000
1269126,M,6/30/1990,10,150000
1230312,F,8/2/1990,10,155000
220655,M,11/16/1989,13,400000
344605,M,3/5/1991,12,460000
63284,M,6/3/1987,14,530000
1136095,M,8/26/1993,10,325000
1110880,M,3/15/1991,11,105000
741398,M,4/23/1993,10,240000
333793,M,10/11/1990,12,425000
57277,M,8/26/1989,14,535000
980895,M,12/13/1991,10,350000
78383,M,1/1/1989,13,180000
1081640,M,12/12/1992,10,100000
337563,F,11/22/1990,12,360000
817754,M,9/7/1991,10,250000
325611,M,11/13/1988,12,220000
1101763,F,7/15/1991,11,85000
296696,M,4/25/1988,13,325000
1125683,F,7/9/1992,11,175000
229397,M,6/9/1990,13,200000
922684,F,5/3/1991,10,305000
823407,M,9/30/1991,10,400000
601624,M,5/20/1991,11,225000
206565,M,7/5/1990,13,300000
543741,F,5/30/1988,11,460000
926517,M,9/27/1990,12,300000
652516,F,4/16/1992,11,340000
1232895,F,3/17/1993,10,300000
1218133,M,12/30/1994,9,300000
1131849,F,4/18/1992,11,300000
87067,F,3/15/1987,14,215000
1207352,M,1/4/1992,11,400000
681036,M,7/5/1991,11,180000
245281,M,5/6/1989,13,470000
1202631,F,6/3/1993,10,300000
615396,M,2/2/1993,10,225000
295835,M,11/22/1989,13,505000
918301,M,3/25/1993,10,450000
327371,F,11/28/1990,12,390000
1202774,M,6/1/1988,11,105000
109066,M,11/16/1988,14,150000
1271694,M,6/22/1991,10,120000
512588,M,4/18/1988,11,330000
360687,M,7/8/1989,12,320000
1087681,M,5/17/1991,10,100000
144943,M,8/12/1988,10,120000
1097197,F,6/30/1992,11,325000
182985,F,11/9/1987,13,400000
246543,M,6/27/1989,13,440000
1196014,M,3/18/1992,10,180000
649530,M,1/25/1991,11,350000
964319,M,5/4/1991,10,195000
1116466,F,2/3/1993,10,180000
313446,M,5/10/1990,12,325000
220608,M,5/29/1988,13,300000
682431,M,7/20/1991,11,350000
337695,M,2/26/1989,12,380000
539818,F,8/23/1990,11,420000
513495,F,8/25/1990,12,225000
1250436,F,1/18/1990,11,235000
810355,M,6/4/1990,10,145000
1001099,M,6/6/1993,10,240000
1089624,F,9/8/1991,10,240000
265914,F,5/26/1990,13,325000
228046,M,7/10/1986,13,180000
681000,M,9/29/1991,11,90000
519904,M,8/17/1990,12,630000
385512,M,3/20/1990,12,145000
937953,F,11/9/1992,10,350000
425582,M,11/3/1990,12,430000
42418,F,10/23/1987,14,435000
302937,M,5/5/1989,13,150000
628223,M,1/5/1992,11,150000
602058,F,1/4/1992,11,300000
1247289,F,2/1/1992,11,275000
857517,F,9/22/1988,13,300000
529904,M,7/6/1992,11,100000
115378,M,8/13/1989,14,500000
1262957,M,5/6/1991,11,190000
898548,F,1/26/1992,8,350000
1253323,M,3/4/1992,11,65000
1240207,M,6/3/1991,10,300000
326876,M,6/8/1991,12,475000
216972,M,12/10/1990,13,300000
324799,M,4/30/1991,12,355000
422043,M,9/1/1988,12,60000
1239552,M,7/20/1990,10,300000
50670,F,11/3/1985,15,160000
308916,F,9/24/1991,11,320000
1250484,M,1/1/1993,10,105000
294762,M,3/17/1990,13,500000
1062520,M,8/28/1993,10,325000
391074,M,5/18/1990,12,445000
629605,M,2/14/1992,11,210000
330490,M,11/29/1991,12,165000
1136067,M,7/22/1990,10,300000
1131595,M,4/26/1994,11,300000
237897,F,11/21/1986,13,200000
1214471,F,11/18/1991,11,300000
978959,M,7/14/1992,10,240000
898780,M,11/12/1992,10,340000
1100909,M,8/9/1992,10,325000
196470,M,1/20/1987,13,440000
865540,M,5/1/1993,10,305000
245986,M,2/15/1989,13,150000
999665,M,6/1/1993,10,420000
1150694,M,8/14/1991,12,240000
362984,M,1/17/1988,12,450000
1084888,M,6/17/1992,10,350000
389140,F,7/14/1991,12,325000
263725,F,11/17/1989,13,500000
452593,F,5/27/1990,12,465000
958809,M,2/12/1994,10,350000
318119,F,4/8/1991,12,515000
32133,M,7/22/1989,15,150000
538439,F,10/6/1991,11,390000
1066414,M,2/18/1992,11,260000
50739,F,6/26/1987,15,260000
864014,M,6/2/1990,11,310000
925705,M,7/5/1992,11,105000
344407,M,6/22/1990,12,800000
241960,M,7/14/1990,13,440000
716400,F,11/28/1991,11,625000
440689,F,9/11/1990,12,450000
1168773,M,8/21/1992,10,275000
304341,M,7/4/1989,13,315000
760851,M,3/4/1990,11,375000
577394,M,12/3/1991,11,325000
604370,M,4/27/1992,11,300000
341424,F,6/1/1991,12,400000
1077612,M,3/12/1990,11,155000
1085716,M,11/20/1992,11,300000
1072574,M,12/26/1988,11,145000
276426,F,6/18/1988,13,350000
607470,M,12/4/1988,11,400000
950502,F,2/14/1993,10,150000
1087060,M,10/9/1992,10,200000
937958,F,9/14/1992,10,325000
252559,M,2/28/1990,13,225000
582303,M,7/5/1991,11,350000
48150,M,9/7/1986,14,495000
868872,F,8/26/1992,10,200000
963956,M,11/9/1992,10,390000
351149,M,10/10/1992,10,325000
192714,M,3/7/1990,13,650000
810458,M,2/1/1993,10,300000
731107,M,8/1/1990,11,300000
1094255,M,11/17/1991,10,320000
951294,M,11/11/1991,11,220000
1250499,M,8/20/1993,10,185000
1265323,M,3/30/1994,9,240000
1269127,M,11/22/1991,11,200000
272917,M,8/26/1989,13,80000
330602,M,12/26/1990,12,415000
920334,M,2/20/1994,10,160000
1175212,M,12/5/1993,9,120000
896469,M,5/29/1992,10,475000
274453,M,9/1/1990,13,175000
64871,M,6/24/1988,14,455000
1119944,F,9/25/1992,10,225000
279776,F,11/16/1988,13,310000
361583,M,1/25/1991,12,800000
339386,M,8/23/1991,12,280000
334017,M,12/3/1989,12,460000
1187201,M,8/31/1990,10,315000
503221,M,10/12/1990,11,350000
1266967,F,5/20/1991,10,200000
901358,F,3/3/1993,10,370000
806688,M,9/8/1991,10,200000
1171245,M,6/4/1992,10,200000
683102,F,3/14/1991,11,325000
543951,M,3/18/1992,11,160000
988904,M,9/24/1992,10,235000
593024,F,6/10/1992,11,340000
325147,M,10/29/1987,12,335000
407824,F,9/15/1990,12,305000
1055284,M,8/21/1988,11,120000
1247771,M,12/18/1991,10,120000
941785,M,2/8/1993,10,180000
353742,M,12/27/1990,12,370000
995191,M,1/23/1992,11,190000
283113,M,10/23/1988,13,305000
602344,M,1/21/1992,11,450000
1083507,M,5/22/1992,10,345000
331083,M,8/16/1991,12,335000
1034763,M,10/20/1992,11,480000
608938,M,5/25/1991,11,600000
919264,M,10/5/1992,10,325000
663821,M,5/24/1991,7,180000
600127,M,7/27/1991,11,325000
1232472,M,7/1/1992,11,220000
775846,M,2/26/1991,11,375000
451903,M,7/5/1991,12,300000
810702,M,4/20/1992,10,180000
730050,M,9/26/1991,11,220000
1026621,F,4/30/1992,10,300000
1261955,M,10/6/1993,10,225000
244558,F,7/16/1990,13,650000
814679,M,12/31/1989,13,120000
641821,M,6/9/1991,11,180000
356498,M,6/9/1991,12,445000
309214,M,4/2/1992,11,420000
1175511,M,6/6/1993,9,280000
1007916,F,3/7/1992,11,220000
619660,M,1/2/1990,11,300000
329618,M,10/20/1990,12,370000
267047,M,7/7/1985,13,150000
1240138,M,12/22/1990,12,300000
215739,M,4/7/1989,13,390000
817804,M,1/21/1993,10,145000
662113,M,11/5/1990,11,180000
678842,M,7/20/1989,13,240000
333860,F,3/22/1990,12,180000
1149330,F,3/7/1992,11,120000
1248250,M,9/5/1988,11,185000
51094,M,1/24/1989,14,400000
693533,M,10/2/1989,11,315000
1219098,M,9/27/1990,11,265000
906387,M,2/26/1992,10,120000
342610,M,5/5/1990,12,475000
536761,M,6/23/1991,11,360000
649731,M,6/17/1990,12,420000
843047,F,11/3/1989,12,200000
133153,M,1/14/1989,14,555000
135273,M,6/26/1989,14,615000
263859,M,6/1/1988,13,450000
329604,M,4/11/1990,12,320000
1068402,M,6/16/1993,10,350000
212055,M,7/22/1989,11,550000
225114,F,9/20/1987,13,360000
1149223,F,1/27/1992,11,200000
543844,M,11/20/1991,11,120000
641272,F,4/4/1992,11,335000
1261826,M,3/14/1992,11,130000
692945,M,11/10/1990,11,320000
321139,F,8/15/1990,12,400000
86373,F,3/18/1989,14,150000
785663,M,8/1/1991,10,220000
637623,M,10/14/1991,10,180000
1220653,F,3/19/1992,10,310000
1263022,F,9/25/1992,10,325000
864091,M,6/24/1990,11,360000
543099,F,7/3/1991,11,325000
1084536,M,9/29/1990,10,425000
688018,M,2/23/1991,11,180000
1274658,F,4/24/1991,11,320000
530678,M,3/23/1991,11,180000
591405,M,1/13/1992,11,605000
636523,F,10/15/1990,11,410000
389343,M,11/3/1990,12,430000
995189,M,8/28/1992,11,145000
836769,M,12/11/1990,12,180000
505714,M,10/19/1989,12,240000
359173,F,9/4/1989,12,800000
259623,M,6/2/1988,14,175000
713848,M,7/24/1990,12,360000
65919,M,8/21/1988,14,470000
16400,M,12/29/1989,14,650000
995970,M,8/29/1992,11,325000
530061,F,7/18/1991,11,300000
190224,M,4/16/1986,13,330000
514471,M,4/27/1989,12,200000
986780,M,5/15/1992,10,210000
1269397,M,5/2/1992,10,240000
670423,F,7/27/1992,11,170000
794050,M,7/28/1992,10,350000
982135,M,1/31/1992,10,600000
631506,M,3/9/1992,11,350000
1075216,M,1/28/1991,11,300000
790690,F,8/28/1992,11,275000
243897,F,2/23/1983,13,400000
1083403,M,10/9/1991,10,315000
50601,M,7/22/1982,15,300000
1091250,M,6/20/1991,12,200000
626318,M,1/1/1991,11,180000
189286,M,8/2/1989,13,400000
536516,M,4/10/1990,12,210000
963241,M,8/22/1993,10,380000
143999,M,5/16/1990,13,200000
1171292,M,5/24/1992,10,330000
65278,M,2/8/1988,14,180000
1089038,M,5/17/1992,11,345000
1043795,M,3/18/1991,11,350000
33117,M,8/17/1986,14,475000
850679,M,4/2/1992,11,335000
823556,F,10/13/1992,10,260000
963058,M,1/6/1993,10,335000
350462,M,11/18/1990,12,100000
1106129,M,6/26/1993,10,230000
115351,M,1/15/1990,14,340000
359281,M,5/10/1990,12,180000
350149,M,8/18/1990,12,420000
625891,F,9/16/1991,11,150000
202864,M,6/25/1988,13,480000
332860,M,6/16/1989,12,380000
121233,M,6/26/1989,14,150000
1209279,M,6/10/1991,10,310000
1152368,M,5/8/1990,12,180000
140797,M,6/29/1988,14,260000
455057,M,6/7/1990,12,240000
628331,F,12/7/1991,11,200000
1042343,M,3/26/1991,11,120000
64792,F,12/27/1988,14,530000
909180,M,3/7/1990,11,350000
359490,M,2/14/1990,12,120000
1062284,M,9/28/1992,11,120000
341436,M,4/25/1990,12,430000
1042501,F,11/23/1991,11,85000
902366,M,1/10/1992,10,325000
319385,F,9/24/1990,12,400000
1238752,M,6/22/1992,11,180000
643096,M,12/5/1991,10,325000
325868,F,8/24/1991,12,210000
637115,M,3/3/1993,10,315000
1154783,F,7/25/1993,10,200000
682129,M,1/15/1990,11,200000
615313,M,7/8/1994,10,305000
919397,M,7/24/1992,10,350000
434621,M,2/1/1992,12,95000
226017,M,11/19/1989,12,305000
1081685,M,6/12/1991,10,325000
1166135,F,11/6/1992,10,305000
35275,M,11/12/1989,13,200000
1043850,M,3/24/1991,11,350000
38032,M,12/21/1985,14,850000
324343,M,12/5/1987,12,280000
407934,M,12/18/1990,12,440000
624733,M,8/29/1992,11,300000
607667,F,3/31/1991,11,275000
304344,M,2/6/1987,13,85000
82270,M,8/12/1986,14,395000
615310,M,1/15/1993,10,290000
1166852,F,12/12/1992,10,325000
1156362,F,4/24/1993,11,210000
711754,M,10/28/1989,11,390000
347445,M,3/31/1991,12,180000
329920,M,7/29/1990,12,1300000
1068813,M,1/25/1992,11,250000
624266,M,3/26/1991,11,120000
345685,F,6/1/1990,12,200000
530518,M,2/9/1991,11,150000
877241,M,5/10/1992,10,345000
435229,M,7/7/1990,12,320000
1089260,M,5/7/1990,11,450000
242972,M,7/3/1990,13,340000
606946,M,1/19/1992,11,350000
64897,F,2/13/1988,14,400000
625377,M,11/27/1991,11,390000
326334,F,8/25/1990,12,325000
813008,M,9/21/1992,10,180000
924485,M,11/19/1991,10,145000
463002,M,7/23/1990,11,120000
203097,F,2/19/1990,13,420000
479885,M,5/3/1987,12,130000
609211,F,7/17/1991,11,700000
731810,M,7/27/1992,11,310000
1149902,M,3/23/1993,10,145000
1101730,M,1/25/1992,11,370000
698109,M,9/12/1990,11,360000
595845,F,12/10/1991,10,340000
230211,M,7/15/1989,13,120000
687289,F,12/18/1991,11,300000
192948,F,4/26/1989,13,500000
1023622,M,3/1/1993,10,305000
271036,M,8/25/1988,13,530000
820734,M,12/7/1992,10,240000
449899,M,9/12/1990,12,150000
121509,F,5/27/1989,14,520000
1115290,M,7/15/1991,11,110000
651807,M,7/31/1991,11,600000
619423,M,6/3/1992,11,40000
1081706,M,8/26/1992,10,570000
990494,F,7/1/1992,10,220000
274016,M,6/2/1990,13,290000
1242036,M,12/5/1991,10,320000
1023314,M,6/16/1993,10,180000
988732,M,1/10/1993,10,95000
1045712,M,7/1/1990,11,95000
642720,M,2/9/1989,11,240000
30142,M,10/7/1986,14,320000
211252,M,7/23/1988,13,495000
353081,M,10/31/1989,12,355000
827501,M,6/17/1992,10,300000
1193792,M,10/10/1990,12,200000
794209,M,3/9/1992,10,400000
1201536,M,7/14/1991,11,360000
664758,F,2/11/1989,11,300000
358114,F,12/7/1990,12,450000
1098954,M,12/1/1989,12,105000
530601,M,11/3/1990,11,290000
229508,M,3/6/1990,13,280000
921123,F,7/11/1993,10,325000
1095283,M,4/16/1992,11,335000
811379,M,5/21/1992,10,325000
624224,M,5/10/1991,11,300000
1289956,M,2/9/1993,10,210000
282180,M,7/18/1987,13,500000
919418,M,4/2/1992,10,180000
742427,F,11/18/1992,11,300000
514215,M,5/3/1992,11,335000
632512,M,9/22/1992,11,240000
224757,F,10/14/1989,13,400000
1251221,M,4/1/1992,11,210000
47476,F,6/10/1988,14,205000
123610,M,5/10/1988,13,200000
317627,M,5/23/1988,14,180000
63890,F,12/6/1984,14,610000
644505,M,1/8/1992,11,200000
350244,F,1/30/1992,12,400000
113192,M,2/20/1989,14,620000
1240608,M,7/25/1992,9,405000
963123,M,6/28/1993,10,335000
1131892,M,8/7/1990,11,95000
745677,F,12/6/1991,11,205000
182616,M,9/26/1990,13,275000
298494,M,5/9/1990,13,280000
614047,M,6/2/1993,10,115000
753317,M,6/9/1992,11,335000
65707,M,10/3/1988,14,630000
837421,F,9/1/1993,10,305000
1035858,M,4/1/1992,11,490000
1265819,M,7/24/1992,11,240000
829759,M,6/7/1991,10,215000
913446,M,12/24/1992,10,370000
1149020,F,12/15/1991,11,300000
898265,M,12/16/1991,10,350000
640413,M,10/11/1990,11,180000
435465,F,7/19/1990,13,200000
959934,M,1/5/1990,10,145000
105067,M,6/1/1987,14,120000
1148338,M,12/3/1991,11,325000
434862,F,4/14/1991,12,360000
258714,M,8/11/1989,14,180000
315763,M,12/28/1989,13,550000
267786,F,11/27/1985,13,500000
513309,M,4/29/1990,12,415000
911962,M,9/24/1991,10,400000
416501,M,1/18/1990,12,360000
924141,M,10/5/1992,10,200000
1202817,M,10/11/1991,11,275000
145701,M,12/16/1988,14,900000
305068,F,8/5/1989,13,120000
1223805,M,1/30/1993,10,205000
905220,M,7/9/1992,10,315000
1008888,M,2/3/1993,10,120000
806636,M,5/20/1992,10,240000
213053,M,4/16/1990,13,350000
112994,M,10/10/1988,14,470000
285832,F,4/10/1988,13,420000
1029602,M,11/8/1992,11,345000
78381,M,6/27/1989,13,530000
1015635,M,5/2/1992,10,320000
1289938,M,2/5/1992,10,345000
637467,M,7/9/1992,11,360000
359807,M,12/23/1988,12,240000
982693,M,11/6/1992,10,240000
229944,M,9/25/1989,13,520000
1152429,M,5/8/1989,11,340000
216686,M,6/14/1988,13,410000
555599,F,7/20/1991,11,550000
60260,M,3/25/1988,14,450000
1015299,F,9/17/1991,10,200000
1063224,M,8/12/1992,10,105000
309911,F,1/22/1989,13,100000
1202783,F,1/1/1993,10,275000
595052,M,3/20/1991,12,205000
670536,M,1/11/1991,11,360000
204592,F,8/13/1988,13,450000
716346,M,9/5/1990,12,500000
246938,M,5/30/1988,13,640000
847006,M,12/27/1988,11,95000
348134,M,12/13/1990,12,410000
745903,M,3/21/1991,11,300000
577498,M,4/4/1991,11,295000
668714,M,10/11/1990,12,220000
283452,M,8/14/1988,13,445000
340172,M,7/6/1992,11,180000
633333,M,11/11/1991,11,165000
520055,F,6/5/1991,12,350000
600992,M,5/30/1987,12,240000
326089,M,12/26/1990,12,395000
345996,M,1/30/1990,12,400000
896540,M,3/1/1992,11,400000
279695,M,2/10/1990,13,400000
439791,M,7/15/1990,12,350000
1095056,F,9/20/1991,11,140000
604995,F,5/5/1990,11,300000
114636,M,2/4/1988,14,560000
676000,M,7/31/1991,11,335000
340877,F,9/14/1991,12,470000
662921,M,2/12/1990,11,325000
295111,M,1/31/1990,13,265000
595896,M,10/3/1992,10,120000
290605,M,2/14/1989,13,180000
614179,M,7/1/1993,10,180000
656354,M,7/25/1992,11,365000
52752,M,10/25/1988,11,650000
941795,M,12/22/1990,10,120000
99750,F,10/31/1988,14,120000
223212,M,6/1/1987,13,650000
802861,M,7/30/1992,10,180000
425532,M,5/11/1989,12,300000
335000,F,10/2/1989,11,300000
815820,M,9/18/1991,10,580000
242100,M,11/24/1989,13,35000
919708,M,1/11/1993,10,340000
60259,M,9/25/1988,14,220000
336342,M,12/14/1992,12,380000
240420,M,6/30/1990,13,690000
902841,M,5/19/1992,10,430000
543804,F,3/17/1991,11,930000
114346,M,11/20/1986,14,120000
957046,F,8/14/1993,10,340000
1073062,M,8/9/1991,11,145000
640916,M,11/24/1992,11,500000
652780,M,5/18/1992,11,220000
1122862,M,12/27/1990,10,300000
631489,M,8/10/1990,11,120000
324782,M,10/7/1990,12,350000
824943,F,8/7/1992,10,180000
654100,M,12/19/1987,11,95000
238326,M,6/4/1989,13,645000
868740,M,5/1/1992,10,240000
956695,F,10/26/1992,10,300000
30388,M,12/15/1987,14,280000
331122,F,10/25/1990,10,560000
245887,M,5/4/1989,13,120000
955678,M,4/21/1992,10,145000
327257,M,10/11/1990,12,655000
336937,M,8/24/1990,12,100000
343471,F,1/14/1991,12,350000
927772,M,10/3/1992,10,300000
822977,M,10/27/1992,10,180000
872404,M,10/6/1991,10,180000
480210,M,9/17/1990,12,425000
225140,M,1/1/1989,13,320000
328621,M,7/30/1990,12,430000
794191,M,10/20/1992,10,240000
660938,F,7/12/1992,11,100000
1161589,M,7/27/1993,10,420000
911856,M,6/10/1991,10,315000
1274522,M,3/31/1992,10,325000
192918,M,9/15/1988,13,645000
971540,F,4/25/1993,10,105000
360290,F,8/8/1990,12,400000
604570,M,9/12/1992,11,180000
308247,M,10/3/1989,12,300000
224873,M,3/15/1990,12,450000
1202809,F,6/3/1992,10,200000
812597,M,12/26/1990,11,910000
530441,M,1/14/1989,11,360000
326612,M,9/15/1990,12,160000
1154140,F,5/16/1992,11,100000
1261348,M,5/8/1991,10,250000
604529,M,7/25/1990,12,450000
1039663,F,12/8/1990,11,300000
530381,M,8/22/1991,11,370000
836781,M,11/26/1989,12,310000
995603,M,9/14/1990,11,240000
1152409,F,6/22/1991,11,180000
329402,F,5/18/1991,12,265000
599393,M,11/6/1991,11,350000
967009,M,10/15/1991,10,280000
284534,M,5/10/1989,13,210000
296790,M,5/7/1988,13,230000
604361,M,12/28/1989,11,350000
1259599,M,7/30/1993,10,100000
262440,M,2/7/1988,13,460000
295554,M,6/12/1989,13,450000
644914,F,6/5/1993,11,250000
1245332,M,8/15/1991,9,160000
792999,F,2/9/1991,11,180000
308245,M,5/1/1990,12,350000
230785,F,9/9/1990,13,250000
914135,M,1/25/1992,10,310000
1072371,M,6/3/1991,11,240000
822635,M,3/4/1991,10,200000
625984,F,12/3/1991,11,210000
536517,F,1/17/1990,12,350000
344387,M,8/22/1988,12,300000
1218578,F,3/2/1991,10,145000
257095,M,5/6/1981,14,110000
758478,M,7/2/1991,11,300000
34238,M,2/9/1986,14,570000
505974,F,3/14/1991,12,300000
374948,F,9/8/1990,12,205000
1297773,M,3/14/1990,10,325000
121780,F,5/18/1989,14,75000
355888,M,7/3/1991,12,320000
189790,M,10/18/1989,13,395000
629628,F,2/14/1992,11,305000
1230413,M,2/12/1994,10,220000
895667,F,8/31/1992,10,655000
212005,M,1/24/1989,13,270000
1264544,M,11/11/1991,11,120000
864904,M,4/11/1991,12,215000
439109,M,9/25/1990,12,400000
1219117,M,6/12/1990,11,335000
299309,F,7/10/1989,13,160000
262821,M,1/29/1989,13,150000
713751,F,11/12/1991,7,100000
914228,F,1/12/1992,10,145000
337754,M,4/29/1989,12,385000
1035826,M,4/7/1990,10,75000
1053501,M,5/20/1992,11,400000
852633,M,6/6/1992,10,330000
58940,M,12/10/1988,14,450000
45579,M,11/2/1988,14,550000
563023,M,8/30/1990,12,480000
614839,M,10/28/1992,10,220000
1128347,M,1/13/1992,11,335000
980748,M,2/25/1992,10,325000
1142382,F,12/23/1991,10,215000
281946,M,8/7/1986,13,150000
404256,F,12/29/1989,13,115000
308793,M,2/8/1991,12,360000
107796,M,1/9/1989,14,1200000
1084021,F,1/4/1991,11,300000
333394,M,9/7/1989,12,415000
820418,M,9/9/1992,10,400000
50626,M,5/30/1987,15,180000
676743,F,3/29/1991,11,400000
839602,M,7/15/1991,12,525000
1035913,M,1/16/1991,11,110000
389425,M,9/18/1989,12,380000
507132,M,1/1/1986,12,170000
640533,M,8/29/1992,11,400000
955684,M,4/15/1992,10,200000
624804,M,5/19/1989,11,345000
337764,M,7/26/1988,12,220000
64118,F,5/25/1988,14,200000
294700,F,8/15/1989,13,525000
785378,M,12/20/1993,10,170000
991636,M,3/19/1991,10,180000
1233201,M,12/24/1991,10,85000
960922,M,6/10/1991,10,150000
287134,M,7/30/1988,13,400000
279508,M,10/31/1989,13,325000
533540,M,11/15/1990,12,360000
1064536,M,7/8/1992,11,330000
1279942,M,6/23/1992,10,300000
246986,F,12/30/1988,13,550000
334275,M,8/8/1990,12,420000
297452,M,12/15/1989,13,60000
340628,M,4/5/1989,12,300000
635283,M,3/24/1990,11,180000
334988,F,3/9/1992,11,325000
947956,M,11/9/1989,10,180000
1251363,M,2/25/1992,10,340000
337919,F,1/7/1991,12,360000
563037,M,6/14/1988,13,110000
639820,M,2/15/1991,11,200000
529581,M,10/1/1991,12,210000
117081,M,8/23/1989,14,450000
1136423,M,3/16/1992,10,400000
1088670,M,4/28/1990,11,265000
273690,M,9/1/1987,13,515000
40838,M,2/14/1988,14,1300000
798620,M,10/28/1991,9,400000
520399,M,10/26/1991,12,450000
348114,F,6/29/1989,12,335000
920246,M,1/1/1992,10,125000
78728,M,2/21/1986,14,240000
289190,M,2/3/1993,12,340000
58365,M,8/19/1988,14,555000
99935,M,9/25/1987,14,300000
1281191,M,12/9/1991,11,105000
912934,M,5/27/1992,8,400000
434552,M,10/10/1989,12,300000
605881,M,1/3/1993,11,240000
827485,M,8/28/1990,10,350000
374150,M,6/13/1988,12,800000
626784,M,5/15/1991,11,335000
1089343,F,12/11/1992,10,360000
1100533,M,3/3/1993,10,400000
650400,M,10/8/1992,10,320000
552307,M,2/2/1991,11,450000
1143383,M,7/6/1993,9,120000
335166,M,7/5/1990,11,195000
218077,M,7/21/1991,13,200000
800117,M,8/12/1993,10,105000
262345,M,2/16/1990,13,375000
1087727,M,4/9/1992,10,610000
1237891,M,1/15/1993,9,250000
668682,M,5/20/1992,11,155000
349723,F,1/1/1991,12,320000
983779,F,9/15/1992,9,240000
955152,M,10/26/1992,10,240000
908925,F,11/9/1992,10,300000
975278,F,5/2/1993,10,120000
741590,M,4/14/1993,10,335000
1088407,M,8/13/1992,11,120000
78777,M,10/25/1987,14,750000
354749,M,6/24/1990,12,140000
577525,M,11/10/1992,11,180000
681928,F,2/14/1992,11,290000
682507,M,1/7/1992,11,320000
1104895,M,12/18/1992,10,100000
350952,M,2/15/1992,10,300000
687711,M,10/31/1990,11,300000
282011,F,6/25/1990,13,550000
785143,M,1/20/1992,10,300000
332141,M,12/27/1989,12,180000
133085,M,12/25/1988,14,445000
811167,M,2/10/1992,10,270000
507959,M,8/18/1991,11,240000
1297763,M,10/15/1989,12,105000
192703,M,10/4/1989,13,530000
214343,F,1/1/1991,12,350000
624732,F,10/11/1991,11,200000
925234,M,6/2/1992,10,400000
1073144,F,11/10/1990,11,335000
228148,F,9/16/1989,13,105000
597142,M,11/26/1993,9,340000
361671,M,10/11/1990,12,530000
242078,M,2/13/1989,13,480000
729568,F,5/19/1989,11,470000
1270516,M,1/1/1991,10,100000
938137,M,6/2/1993,10,675000
1218778,M,12/7/1991,10,180000
1258521,F,9/27/1992,10,225000
144911,M,12/31/1987,13,530000
61461,M,8/10/1988,14,130000
794528,M,5/23/1992,10,200000
278780,F,10/24/1987,13,350000
1069119,M,12/10/1990,12,120000
186085,M,6/30/1988,14,105000
1146950,M,12/26/1991,10,325000
633303,M,6/3/1993,11,160000
806655,F,1/10/1991,10,180000
872168,M,10/28/1992,10,330000
637114,M,12/6/1993,10,210000
1077214,M,3/23/1993,11,240000
230778,F,4/7/1990,13,325000
29054,M,5/6/1987,14,375000
839881,M,5/12/1989,12,95000
1152870,M,11/22/1991,9,100000
307997,M,4/1/1988,12,145000
227582,M,10/14/1987,13,540000
284439,M,10/14/1989,13,265000
309289,F,1/11/1990,12,385000
423047,M,8/11/1988,12,350000
629725,M,3/15/1991,11,100000
1224787,F,11/10/1993,9,700000
1090820,M,1/25/1991,11,240000
1245184,M,10/10/1989,9,215000
606094,F,5/14/1992,11,440000
986293,M,1/5/1992,10,200000
918414,M,5/27/1986,10,200000
1253312,M,7/25/1991,11,120000
472861,M,10/12/1992,10,265000
115560,M,5/6/1989,14,570000
1052796,M,11/5/1990,11,100000
914034,M,9/28/1991,10,480000
471545,M,2/29/1992,11,720000
796713,M,10/1/1991,10,380000
922488,M,10/2/1993,10,200000
326795,M,12/16/1991,12,455000
841631,M,4/23/1993,11,350000
1061300,M,1/12/1993,10,140000
358346,M,10/31/1990,12,460000
823529,F,10/19/1993,10,315000
820353,M,3/3/1991,7,300000
862259,F,12/28/1991,11,95000
982556,M,3/24/1992,10,350000
924712,M,3/15/1993,10,240000
820774,M,8/13/1991,10,180000
898195,M,6/18/1992,10,300000
1043815,M,3/22/1990,11,800000
541114,M,9/27/1989,13,140000
965697,M,1/22/1991,10,300000
716325,M,7/5/1992,11,100000
473243,F,8/12/1992,10,300000
1274483,M,8/8/1990,10,180000
281074,M,6/11/1989,13,2300000
1232025,F,4/18/1993,10,120000
333594,M,3/9/1991,12,590000
120918,M,8/6/1988,14,110000
1264748,M,7/9/1992,10,205000
1254777,F,10/5/1993,9,1800000
196429,M,4/27/1988,13,540000
421634,M,7/15/1991,12,360000
206733,M,5/4/1989,13,240000
300968,M,5/23/1989,13,450000
852880,M,4/22/1992,10,310000
961003,M,3/17/1993,10,150000
848578,M,1/1/1992,11,240000
328807,M,4/18/1990,12,600000
1063305,M,4/19/1990,11,240000
1262570,M,7/7/1990,10,145000
742534,M,9/8/1992,11,300000
319678,M,7/22/1991,12,550000
1138769,M,9/16/1991,11,110000
626510,F,3/20/1993,10,330000
1077044,M,7/7/1993,10,505000
458020,M,2/1/1990,12,335000
203412,M,3/28/1988,13,395000
587593,M,1/21/1986,12,300000
536526,M,8/5/1990,12,150000
1192843,M,3/24/1992,11,330000
814610,M,2/5/1992,11,180000
243279,F,10/2/1988,13,300000
1124993,F,7/25/1993,10,200000
693630,F,7/16/1990,11,105000
535193,F,4/22/1991,11,360000
308225,M,7/24/1989,12,460000
1088362,M,3/8/1989,13,100000
1063873,M,8/3/1992,11,150000
544522,M,3/20/1991,11,370000
351836,F,7/30/1991,12,180000
1255797,M,6/5/1992,9,320000
899699,M,6/6/1991,10,300000
425551,M,3/25/1990,12,360000
824917,M,11/29/1988,10,105000
334312,M,12/9/1990,12,490000
614115,M,8/14/1992,11,350000
1274331,M,8/13/1992,10,180000
456580,M,11/21/1991,12,150000
1058832,M,11/27/1990,11,100000
859453,M,8/22/1992,11,335000
342044,M,10/8/1989,12,420000
1207950,F,2/9/1992,10,235000
455934,M,1/14/1991,12,60000
1020633,M,6/6/1992,10,610000
120511,M,12/3/1988,14,115000
48107,M,9/9/1987,14,4000000
1218477,M,11/9/1991,9,180000
358100,F,8/8/1991,12,350000
664337,M,1/24/1991,11,250000
614210,M,9/22/1992,10,225000
1018051,M,3/24/1992,11,145000
1136448,M,10/4/1992,10,265000
809429,M,1/13/1992,11,205000
1236393,F,2/6/1993,9,120000
1029538,M,8/5/1990,11,340000
959436,F,5/17/1993,10,105000
215845,M,1/18/1987,13,280000
434561,M,1/26/1989,12,100000
801301,M,9/5/1991,10,200000
825043,F,8/27/1991,10,305000
421679,M,7/3/1989,12,120000
240990,M,5/24/1988,13,505000
820457,M,6/5/1992,10,300000
1094002,F,9/8/1992,10,325000
1250429,M,1/4/1992,11,1500000
325730,F,1/21/1991,12,820000
861982,M,3/25/1991,11,305000
922592,M,8/20/1992,10,180000
1218606,M,9/28/1991,10,120000
197194,M,8/2/1989,13,240000
1063486,M,6/5/1990,12,95000
831042,F,9/28/1992,10,300000
466661,F,5/15/1991,12,200000
334001,M,8/25/1990,12,415000
1068237,M,6/27/1993,10,110000
639536,M,4/28/1990,11,210000
872434,M,2/24/1991,10,120000
220642,M,12/20/1988,13,700000
879126,F,8/22/1989,10,350000
1075753,F,7/21/1993,9,300000
339705,F,12/4/1990,12,240000
1106060,F,4/4/1992,10,310000
320536,M,8/28/1990,12,490000
1031152,M,4/30/1992,10,330000
230113,M,1/19/1989,13,650000
53132,M,9/17/1988,14,755000
243949,M,4/15/1990,13,600000
281195,M,7/8/1989,13,250000
1122979,M,2/7/1991,11,335000
861954,M,1/17/1992,11,350000
455164,F,7/22/1990,12,200000
845625,F,3/13/1992,10,150000
51397,F,4/27/1988,14,680000
552939,M,4/13/1991,12,200000
922603,M,5/13/1992,10,320000
1229814,F,1/7/1992,11,315000
988541,F,4/7/1992,10,275000
271119,M,12/1/1989,13,470000
800223,M,4/17/1992,10,330000
1281760,M,9/10/1992,10,250000
656694,F,5/19/1991,11,400000
1117619,M,7/29/1992,11,120000
781902,M,4/3/1991,11,130000
861979,M,7/2/1990,11,240000
325403,F,5/1/1991,12,100000
240137,M,1/5/1989,13,650000
1019771,M,10/9/1990,10,240000
955531,F,10/2/1992,10,300000
1203490,M,7/10/1992,9,95000
344262,M,5/25/1990,12,240000
619705,M,10/20/1991,11,800000
885459,M,8/27/1992,10,145000
327983,F,9/1/1990,12,420000
123182,F,7/16/1989,11,160000
230511,M,4/14/1985,13,240000
1281171,F,8/19/1992,10,300000
104314,F,12/1/1988,14,530000
722916,M,10/18/1990,12,405000
1098819,F,7/7/1990,12,90000
653103,M,1/5/1991,11,200000
807970,M,1/19/1992,11,350000
1094324,M,10/23/1992,10,340000
542424,M,1/8/1992,11,215000
1031075,M,6/12/1993,10,280000
112780,F,7/20/1990,13,240000
1089264,M,9/24/1992,11,325000
1000456,M,4/18/1986,11,320000
691865,M,9/4/1992,11,240000
995969,M,3/11/1992,11,180000
1122901,M,4/11/1989,12,245000
1037159,M,11/12/1990,11,335000
272353,M,6/14/1988,13,400000
270814,M,6/8/1989,13,240000
1006997,F,9/13/1992,10,300000
676764,M,9/6/1989,11,170000
568835,M,1/7/1991,12,180000
78723,M,8/23/1987,14,425000
660772,M,7/29/1991,12,480000
1142387,M,1/15/1993,10,180000
440759,M,1/16/1991,12,140000
1218863,F,8/24/1992,10,150000
358189,M,11/20/1989,12,345000
1193152,M,11/13/1992,10,300000
202935,M,11/8/1988,13,440000
656288,F,7/1/1992,11,180000
640015,M,8/25/1990,12,190000
306802,M,2/28/1990,13,240000
514731,M,9/18/1990,12,445000
143926,F,12/7/1989,13,500000
244793,M,12/19/1988,13,410000
786668,F,8/9/1992,12,215000
831367,M,7/2/1993,10,600000
1204990,M,12/21/1992,10,350000
872116,M,1/15/1993,10,300000
457145,M,4/6/1990,12,180000
449397,F,1/20/1988,12,120000
360148,M,7/30/1990,12,390000
1172229,F,6/14/1991,12,175000
326565,F,2/5/1990,12,305000
795799,M,10/6/1991,10,405000
669977,M,3/6/1991,11,350000
1078108,F,7/14/1991,11,325000
467504,F,11/4/1990,12,340000
641305,F,5/19/1992,11,325000
454538,M,12/19/1988,12,240000
767258,M,10/12/1990,11,200000
1111619,M,2/12/1992,10,265000
1297877,F,10/6/1991,10,220000
1117138,M,5/15/1991,11,335000
938300,M,8/12/1991,10,325000
305011,M,7/24/1989,13,240000
676834,M,1/18/1992,11,380000
322724,M,2/1/1991,12,415000
46302,M,7/31/1988,14,350000
246607,M,12/6/1989,13,480000
333041,M,5/28/1989,12,560000
833102,M,12/25/1993,10,165000
102923,M,9/1/1987,14,350000
390177,M,1/26/1990,12,500000
228051,M,4/4/1988,13,605000
542967,M,11/4/1992,11,320000
1156529,M,7/14/1991,11,100000
295545,M,11/17/1987,13,180000
1034791,M,11/16/1990,11,315000
215848,M,5/31/1988,13,490000
814093,F,7/19/1991,10,340000
1098816,M,3/1/1988,11,145000
691206,F,2/28/1992,11,310000
50876,M,4/24/1987,15,640000
1171381,M,9/22/1990,11,240000
845544,F,12/4/1992,10,300000
1078034,F,2/22/1991,12,320000
1247339,F,5/5/1990,11,140000
541137,M,2/24/1991,12,400000
361702,F,3/21/1990,12,480000
874596,M,9/28/1987,11,250000
1171210,M,11/30/1991,10,260000
82444,M,1/15/1989,14,200000
1120667,F,9/18/1991,11,220000
576054,M,11/15/1988,12,130000
127017,M,6/8/1989,14,380000
640774,M,3/8/1991,11,55000
273602,M,6/22/1988,14,450000
1175525,M,10/27/1992,9,240000
1255801,M,8/18/1993,9,315000
636944,M,7/6/1990,11,260000
450922,F,7/7/1990,12,200000
927414,F,6/1/1990,10,120000
543139,M,11/6/1990,11,110000
640827,M,2/10/1991,11,300000
435437,M,7/28/1990,13,410000
431706,M,6/10/1990,12,150000
823790,M,10/1/1992,10,300000
59505,M,9/16/1985,14,320000
421568,M,6/9/1989,12,235000
45421,F,7/31/1989,14,415000
455432,M,2/8/1991,12,270000
308810,M,10/23/1990,12,280000
922658,F,10/31/1992,10,220000
109360,F,10/2/1988,14,520000
206571,M,2/12/1989,13,200000
624172,F,12/26/1991,11,85000
332694,M,2/28/1992,11,250000
866912,M,8/23/1991,11,325000
552848,F,12/11/1991,11,120000
1187474,F,9/26/1990,11,120000
203454,M,12/20/1988,13,500000
407653,F,7/30/1989,12,425000
1230310,M,10/24/1991,10,240000
637628,M,3/24/1991,11,105000
373290,F,8/30/1988,12,240000
1154840,M,2/18/1992,10,350000
355170,F,10/26/1990,12,300000
830138,M,4/11/1992,10,315000
333337,M,8/12/1989,12,240000
1085682,M,10/28/1990,11,80000
1083037,M,5/19/1992,10,310000
1129543,M,1/26/1990,11,155000
1198958,M,3/13/1993,10,400000
110817,M,5/15/1989,14,200000
958998,M,8/10/1992,10,100000
640459,M,8/20/1991,11,600000
47805,M,11/2/1989,14,505000
342936,M,9/4/1992,10,95000
262989,M,9/25/1990,13,180000
755088,M,8/13/1990,11,265000
1095963,M,10/29/1992,10,300000
637441,M,7/24/1991,11,350000
1227702,M,10/29/1992,9,220000
845819,M,2/21/1992,10,310000
89702,M,10/5/1987,14,525000
1093749,F,3/2/1992,10,150000
133773,F,2/20/1988,14,405000
1064862,M,2/4/1991,11,175000
116358,M,1/21/1989,14,490000
63106,M,12/20/1987,13,460000
599652,M,8/16/1992,11,330000
271904,M,9/30/1989,13,1100000
998012,F,1/26/1991,11,190000
937947,F,12/22/1992,10,325000
1097187,M,1/22/1992,11,300000
849071,M,11/10/1989,11,325000
35694,M,6/18/1989,12,180000
1066913,M,5/3/1993,10,120000
796601,M,1/6/1992,10,275000
578157,M,4/1/1991,10,40000
335201,M,10/1/1990,12,410000
1087183,M,7/30/1992,10,100000
1204221,M,1/17/1994,9,350000
920413,M,10/1/1990,10,50000
707108,M,4/24/1992,11,485000
1187208,M,7/31/1991,11,240000
1127268,M,1/12/1991,11,300000
1019761,M,9/1/1992,11,330000
327856,M,4/12/1990,12,100000
247078,F,7/13/1988,13,275000
51320,M,4/17/1988,14,545000
530592,M,5/2/1991,11,120000
599552,M,9/1/1991,11,175000
662142,M,10/19/1991,11,120000
1294572,M,8/5/1991,10,200000
423209,M,1/1/1988,12,180000
407740,M,1/31/1990,12,395000
618308,M,4/13/1990,11,600000
920388,M,9/23/1991,10,400000
670628,M,10/8/1991,11,340000
335328,M,1/11/1991,11,200000
35122,M,2/14/1991,14,180000
1157393,M,10/20/1991,10,145000
1258895,M,7/30/1991,12,205000
629285,F,4/22/1991,11,410000
914336,M,2/12/1991,10,150000
322522,F,7/24/1991,12,160000
337194,M,3/31/1991,12,495000
1129408,M,4/19/1990,11,250000
242701,M,4/10/1988,13,600000
238088,M,7/24/1989,13,360000
754972,M,12/24/1991,11,225000
1044900,M,9/19/1992,10,450000
661111,F,4/24/1992,11,150000
1233151,F,6/25/1991,10,150000
328163,M,7/3/1991,12,205000
670213,M,5/5/1991,11,180000
746050,M,3/16/1991,11,300000
310559,M,8/10/1990,13,560000
237941,M,3/29/1989,13,655000
958966,M,5/16/1992,10,190000
277307,M,10/10/1989,13,215000
627124,M,10/23/1992,11,500000
611920,M,7/5/1991,11,95000
335789,F,8/14/1991,12,325000
482761,F,6/19/1991,12,50000
46291,F,5/21/1988,14,560000
696034,M,6/16/1990,13,230000
366097,F,12/17/1988,12,415000
752781,F,8/27/1992,11,100000
1242190,M,10/30/1992,10,215000
1092984,M,12/8/1991,10,180000
605021,M,6/17/1992,11,375000
623192,M,4/10/1990,11,380000
1044603,M,11/30/1992,10,180000
575845,M,3/5/1990,12,95000
310092,F,12/9/1989,12,120000
796708,M,8/19/1991,10,325000
215595,M,4/21/1990,13,240000
1190687,M,2/7/1992,12,110000
328236,M,10/21/1990,12,390000
794947,M,12/2/1992,10,450000
190911,M,11/1/1986,13,700000
226847,M,3/10/1987,13,360000
243425,M,8/27/1987,13,330000
1266498,M,4/21/1993,10,210000
719970,M,2/24/1989,11,300000
220779,M,5/11/1988,13,435000
1092991,M,2/12/1993,10,315000
109571,F,6/25/1988,14,50000
248992,M,9/14/1989,13,180000
965196,F,5/31/1993,10,305000
349752,M,5/25/1991,12,550000
425547,M,11/1/1990,12,300000
52947,M,11/24/1985,14,220000
622495,M,12/26/1990,12,325000
990568,F,5/14/1992,10,320000
1075225,M,11/4/1990,11,345000
465339,F,8/1/1990,12,115000
1057665,M,1/19/1993,10,180000
457244,M,6/3/1991,12,360000
358850,M,5/29/1988,12,310000
451825,M,5/7/1989,13,435000
895695,M,12/25/1992,10,325000
663169,M,2/10/1990,11,320000
1288222,F,6/15/1991,12,205000
730857,M,1/22/1991,11,325000
273719,F,7/1/1989,13,600000
669585,F,8/22/1992,11,345000
1193139,M,6/25/1992,8,325000
336003,M,7/5/1991,12,255000
577325,M,9/16/1988,11,100000
1096110,M,1/20/1992,10,185000
196379,M,4/17/1988,13,300000
455593,M,5/26/1987,12,190000
435338,M,4/6/1990,12,120000
883188,M,5/19/1992,11,200000
955394,F,9/10/1994,10,180000
295383,F,4/10/1989,13,170000
17126,M,4/24/1989,14,370000
361646,M,7/29/1990,12,155000
947111,F,3/20/1992,10,200000
351307,M,2/10/1990,12,550000
507994,F,4/2/1991,12,195000
493734,M,10/24/1991,12,400000
1225876,M,6/23/1992,11,200000
517535,M,3/1/1991,12,530000
947697,M,5/15/1992,10,325000
1251095,F,11/11/1992,11,150000
538390,M,1/20/1990,12,375000
794194,M,12/25/1990,10,225000
274695,M,12/10/1989,13,120000
1266399,M,2/5/1990,11,240000
1089302,M,3/18/1992,10,375000
597966,M,8/2/1990,11,180000
692823,M,1/29/1992,11,520000
362798,F,8/10/1989,12,365000
356259,M,11/19/1990,12,130000
1077591,M,8/15/1989,11,240000
313158,M,2/5/1991,11,520000
42876,M,10/23/1987,14,120000
1230582,M,10/12/1992,10,110000
596083,M,7/4/1991,10,450000
619652,M,2/16/1989,11,325000
513384,M,6/7/1991,13,420000
1248140,M,3/25/1991,11,95000
308775,M,5/10/1990,12,360000
1081710,M,11/20/1992,10,320000
337784,F,6/10/1989,12,300000
850062,M,7/31/1992,11,325000
529692,M,7/1/1991,12,240000
350055,F,9/30/1990,12,420000
895882,F,1/12/1992,10,115000
390591,M,4/6/1991,12,180000
716336,M,4/18/1991,11,400000
1247341,M,8/3/1991,11,360000
352852,F,2/6/1991,12,300000
338428,M,2/28/1991,11,390000
637306,M,2/11/1989,11,145000
1160213,M,6/24/1991,10,320000
405740,M,9/17/1991,12,480000
1233826,M,1/24/1993,9,330000
1206204,M,4/8/1992,10,325000
123487,F,7/11/1989,14,630000
927386,M,6/24/1990,10,120000
1218810,M,5/26/1992,11,205000
536794,F,3/18/1992,11,450000
724092,M,3/23/1990,11,350000
991139,M,10/23/1992,10,320000
259792,M,5/21/1988,14,120000
1034769,M,11/3/1990,11,290000
337880,F,3/4/1989,12,315000
295307,M,9/6/1987,13,135000
757456,M,6/5/1984,12,330000
133428,M,2/15/1988,14,360000
1089747,M,1/20/1988,11,315000
1267511,M,10/21/1989,9,105000
338410,M,6/2/1992,11,200000
927081,M,12/1/1991,10,250000
302743,F,11/27/1989,13,410000
277189,M,2/14/1988,13,340000
872382,M,4/30/1991,10,325000
831825,M,9/2/1992,10,315000
435062,M,9/21/1990,12,255000
898295,M,11/26/1992,10,180000
1063638,M,2/3/1992,11,360000
592952,F,11/27/1991,11,250000
989860,M,2/13/1992,10,250000
644037,M,4/20/1991,11,300000
1279886,F,12/8/1991,10,170000
814349,M,2/8/1991,10,120000
715228,M,8/6/1991,12,405000
722915,M,12/2/1991,11,400000
1274508,M,12/8/1990,11,280000
349849,M,7/14/1989,12,240000
1281863,M,9/14/1993,9,300000
707121,M,5/3/1992,11,345000
1007216,F,10/15/1992,10,300000
514541,F,8/23/1988,12,200000
805128,F,10/8/1989,12,305000
182636,F,6/15/1990,13,180000
549816,F,8/4/1991,12,330000
1262846,F,4/29/1992,10,325000
984667,M,11/16/1993,9,60000
113081,M,2/14/1989,11,445000
556005,M,11/1/1991,11,300000
897769,M,10/27/1992,10,400000
806067,M,4/2/1990,10,125000
897369,M,10/22/1992,10,400000
841260,M,7/16/1990,13,330000
708034,M,12/20/1990,11,260000
918908,F,1/10/1995,10,240000
1088577,M,6/5/1993,10,145000
509882,F,5/4/1991,12,450000
489860,M,8/17/1991,11,120000
1066112,F,9/3/1991,10,180000
1088451,M,4/7/1992,11,250000
901346,M,9/14/1992,10,335000
214964,F,12/25/1988,13,315000
552531,M,7/28/1991,11,420000
333406,M,9/11/1990,12,600000
639696,F,12/12/1991,11,275000
262077,M,5/30/1987,13,80000
63123,M,2/4/1989,13,360000
416769,M,4/15/1990,12,325000
1073190,F,8/30/1989,11,215000
297430,M,12/31/1987,13,445000
1133460,F,9/16/1993,9,95000
302687,M,7/28/1989,13,445000
226015,M,9/17/1990,12,430000
345597,M,8/17/1990,12,105000
1203348,M,3/25/1991,11,340000
822575,M,3/16/1993,10,210000
113467,F,12/18/1984,14,200000
618785,M,7/1/1991,11,335000
1259889,M,10/15/1992,10,325000
407197,M,12/21/1987,12,310000
982400,M,7/6/1992,10,240000
514279,F,8/27/1990,11,180000
632746,M,3/15/1990,11,180000
322718,M,1/26/1990,12,110000
347449,M,6/2/1988,12,95000
611076,M,9/7/1987,13,325000
1123186,M,6/30/1988,10,120000
1120742,M,8/31/1992,11,505000
616056,M,8/3/1992,10,180000
1171244,M,3/16/1990,11,100000
279824,M,9/8/1989,13,1000000
896880,F,10/8/1992,10,450000
682141,M,7/14/1988,11,145000
552431,M,2/12/1991,11,460000
760965,F,9/20/1990,12,250000
509245,M,10/3/1990,12,200000
301629,F,9/24/1988,13,370000
917487,F,2/11/1991,10,200000
462964,F,2/9/1992,11,325000
133282,M,10/15/1987,14,160000
197796,M,8/5/1986,13,150000
1297805,M,3/1/1989,12,210000
407711,M,5/2/1990,12,450000
920335,M,7/2/1990,7,145000
1015209,F,9/13/1992,10,300000
962526,M,11/5/1991,10,700000
1020520,F,7/23/1989,11,230000
248343,M,8/1/1989,13,280000
959820,F,3/19/1991,10,180000
108902,M,1/21/1987,13,85000
820537,M,9/4/1993,11,700000
341806,M,8/6/1990,12,140000
113676,M,1/20/1987,14,550000
633797,F,9/20/1991,11,365000
602875,F,1/3/1989,12,300000
1077212,M,7/3/1991,12,170000
229854,F,1/16/1990,13,435000
341146,F,2/14/1991,12,350000
1091302,M,9/6/1992,10,120000
592393,F,3/14/1992,11,200000
627087,M,4/8/1991,11,500000
116996,M,8/12/1987,14,125000
1011018,M,12/1/1992,10,315000
871997,M,12/11/1992,10,335000
335701,M,7/18/1991,12,430000
661546,M,7/5/1990,11,280000
1088782,M,1/21/1989,11,250000
1189128,M,2/26/1992,11,170000
605611,M,7/31/1989,12,550000
942576,F,11/24/1990,12,150000
267699,M,3/18/1987,13,430000
810396,M,8/1/1990,10,195000
909112,M,8/10/1990,11,190000
1242353,M,11/27/1992,10,250000
794238,M,4/4/1992,10,200000
54007,M,7/15/1990,14,130000
670276,M,7/31/1991,11,430000
1026489,M,5/27/1993,10,200000
211700,F,10/8/1989,13,225000
1094706,M,5/27/1997,10,450000
893654,M,1/29/1992,10,310000
330381,M,2/19/1991,12,360000
1239599,M,5/6/1991,11,155000
815061,M,11/20/1990,12,340000
640383,F,2/9/1991,11,215000
661505,F,3/8/1991,11,100000
795771,M,10/18/1991,9,310000
289612,F,9/2/1989,13,480000
702599,M,5/4/1989,12,180000
1231953,F,7/12/1989,10,450000
1231990,F,11/19/1991,11,205000
421635,M,7/25/1991,12,120000
639065,F,2/21/1992,11,280000
1063437,M,4/3/1991,11,200000
636483,M,11/21/1989,11,105000
286955,M,3/14/1990,13,350000
190393,M,2/10/1990,13,450000
358095,M,10/9/1991,12,470000
283267,M,3/23/1989,11,440000
592817,F,3/25/1989,12,355000
192733,M,5/7/1989,13,420000
999631,F,8/27/1993,10,300000
1048543,M,3/15/1991,10,300000
179878,M,2/15/1985,13,105000
36817,M,1/3/1985,14,100000
1272092,M,1/8/1993,10,35000
575114,M,11/10/1991,11,380000
258861,M,9/2/1989,13,250000
283980,M,7/22/1989,13,250000
454999,M,10/24/1990,12,110000
457565,F,1/19/1990,12,500000
1123118,M,9/12/1993,10,100000
265924,F,10/14/1990,13,460000
335489,F,7/12/1989,12,385000
318523,M,6/20/1991,12,400000
344950,M,3/10/1990,12,600000
599306,M,7/21/1989,12,200000
1171203,M,8/28/1992,10,325000
505912,M,9/25/1990,12,180000
1145718,M,5/9/1990,9,100000
98335,M,11/27/1988,14,480000
561757,M,12/3/1992,7,120000
1208099,F,12/18/1991,10,300000
357969,F,7/24/1991,12,405000
676401,F,7/28/1991,11,105000
1190122,M,2/18/1992,9,110000
358878,M,9/16/1990,12,405000
737374,M,6/7/1991,11,240000
895817,M,2/15/1991,10,325000
604821,F,11/14/1991,11,280000
1089265,M,2/5/1989,12,180000
793173,M,2/20/1991,10,120000
1289825,M,8/24/1987,10,180000
587792,M,7/5/1990,12,310000
872027,M,12/7/1994,10,330000
330647,F,7/20/1991,12,430000
489939,M,9/17/1989,13,285000
123403,M,2/18/1989,12,90000
628271,M,10/25/1992,11,210000
1063875,M,1/25/1991,11,325000
1094320,M,11/21/1992,10,200000
127290,M,6/10/1988,14,555000
965642,M,1/28/1993,10,350000
553781,M,6/23/1988,11,310000
1099490,M,9/15/1992,10,140000
1077909,M,8/18/1991,11,300000
1093269,F,11/15/1992,10,400000
43693,M,3/5/1989,14,205000
455759,M,9/20/1990,12,535000
339334,M,6/10/1991,12,100000
823357,M,8/28/1991,10,275000
416714,M,4/23/1988,12,300000
1099457,M,8/22/1994,9,570000
1248141,M,11/4/1991,10,320000
358203,M,12/23/1990,12,120000
563437,M,2/19/1990,12,180000
721591,F,8/25/1992,11,215000
773975,M,4/8/1990,11,460000
103947,M,7/13/1989,14,325000
266342,M,5/10/1986,13,320000
922508,M,2/13/1993,10,80000
864186,M,3/10/1992,11,515000
518448,M,1/20/1990,12,280000
959445,M,4/24/1992,10,185000
295347,M,6/14/1989,12,400000
1068920,M,3/7/1988,11,180000
989173,M,2/14/1991,10,100000
811377,M,8/30/1992,10,320000
643141,F,10/3/1992,10,95000
337687,F,2/13/1989,12,350000
246764,M,5/15/1987,13,100000
1087484,M,4/7/1987,10,110000
504451,M,11/12/1988,12,85000
677954,F,6/7/1992,11,200000
683476,M,7/1/1989,11,180000
120132,M,3/22/1989,14,530000
618289,M,7/14/1991,11,395000
382747,M,7/22/1990,12,415000
216420,M,1/2/1989,13,315000
1002565,M,7/31/1993,10,225000
272464,M,11/7/1989,13,180000
596494,M,1/11/1989,10,120000
244735,F,6/22/1986,13,325000
464125,M,12/6/1989,13,215000
345959,M,12/25/1990,12,305000
1135605,M,2/12/1991,11,165000
1118166,F,11/1/1991,11,100000
539201,M,5/31/1991,11,300000
675621,M,1/4/1990,11,350000
600608,M,8/8/1990,12,490000
1036025,F,1/17/1992,11,315000
1019681,M,5/1/1992,11,200000
781935,F,10/9/1991,11,70000
1072479,M,1/3/1992,11,210000
600984,M,12/10/1988,12,350000
112449,M,2/28/1989,14,715000
1168914,M,6/29/1991,11,250000
458082,F,7/28/1991,12,70000
1194487,F,8/22/1993,10,325000
619152,F,1/14/1992,11,300000
385547,M,4/22/1991,12,820000
582336,M,5/14/1992,11,335000
285843,F,12/8/1989,13,380000
53982,M,8/15/1986,14,350000
1006613,M,3/10/1993,11,335000
1089133,M,11/13/1991,10,320000
1136149,F,10/13/1992,10,305000
895719,F,10/26/1991,10,310000
1240232,M,2/5/1991,11,185000
311404,F,7/26/1989,13,180000
339381,M,5/12/1990,12,165000
1251571,M,6/4/1991,11,180000
1211556,M,5/3/1990,10,120000
240133,M,8/6/1987,13,110000
1272172,M,4/1/1991,10,225000
1258784,M,1/20/1993,10,200000
250399,F,7/3/1989,13,90000
755080,M,3/30/1992,11,340000
843779,M,6/26/1992,10,335000
525246,M,10/4/1989,12,500000
339216,M,10/3/1989,13,360000
326418,M,3/5/1991,12,180000
445830,F,3/26/1992,11,300000
325356,M,3/2/1990,12,505000
46343,M,4/8/1989,14,510000
1233637,M,7/5/1993,9,280000
984958,M,10/5/1991,10,285000
509241,M,11/16/1990,12,400000
324190,M,3/18/1989,12,100000
606571,M,5/6/1991,11,500000
416268,F,5/24/1991,12,370000
611970,M,1/13/1991,11,420000
1082762,M,8/16/1991,10,325000
960079,M,6/9/1993,10,200000
358389,M,12/27/1989,12,140000
662149,M,3/28/1990,11,60000
842595,M,7/4/1991,10,300000
333737,M,5/11/1988,12,210000
606741,F,10/14/1991,11,240000
530430,M,6/23/1992,11,300000
296724,M,4/8/1988,13,400000
189234,F,4/27/1990,13,520000
1231995,F,6/19/1992,11,200000
425399,M,5/5/1989,12,240000
658836,M,10/27/1990,11,550000
230873,M,5/20/1990,13,630000
812555,M,10/11/1990,12,150000
334330,M,7/20/1991,12,420000
690477,F,10/4/1989,11,250000
1238289,M,10/31/1990,10,350000
598081,M,4/21/1992,11,560000
41147,M,9/13/1987,14,4000000
330551,M,7/29/1991,12,145000
530146,M,7/14/1991,11,360000
65096,M,2/5/1988,14,345000
961017,M,6/6/1992,10,120000
639693,F,1/7/1990,11,360000
320969,M,7/6/1989,12,500000
898730,M,1/25/1992,10,320000
1157697,M,12/22/1993,10,180000
987044,M,12/14/1991,10,440000
602029,M,3/28/1991,11,150000
1114870,M,8/2/1992,11,120000
454775,M,2/27/1991,12,390000
1119976,M,3/10/1991,11,180000
642309,M,3/18/1991,11,600000
82915,M,2/9/1988,14,380000
947006,M,9/11/1991,10,380000
353118,M,8/9/1990,12,415000
229518,M,5/26/1990,13,425000
260350,F,6/12/1989,14,200000
215660,M,5/27/1989,13,105000
270797,M,6/27/1988,13,470000
580624,F,12/25/1990,11,375000
250796,M,7/16/1990,13,575000
339451,F,4/27/1991,12,420000
1069569,M,7/13/1993,10,300000
320298,M,1/11/1989,12,500000
35346,M,2/23/1985,13,445000
114364,M,2/8/1986,14,400000
103174,F,4/17/1989,14,120000
352811,F,7/22/1991,12,120000
287070,M,11/24/1988,13,385000
317336,M,8/25/1988,13,530000
993701,M,5/27/1992,11,200000
